,northwester_nmutual
0,11516
1,10022
2,23233
3,33487
4,91436
5,98660
6,06902
7,80111
8,06107
9,02108
10,55435
11,63141
12,53202
13,15146
14,60123
15,33180
16,55120
17,32308
18,50701
19,55120
20,68114
21,72703
22,55402
23,45440
24,80222
25,83402
26,46204
27,52401
28,53562
29,53207
30,12110
31,70816
32,48084
33,72703
34,60515
35,65201
36,80903
37,58501
38,62656
39,98004
40,52001
41,14534
42,43623
43,69001
44,85297
45,66211
46,92505
47,92008
48,15219
49,29464
50,33701
51,35244
52,94065
53,44113
54,28677
55,06854
56,35242
57,75254
58,53546
59,53562
60,33701
61,80111
62,54115
63,90071
64,80111
65,93309
66,10167
67,06103
68,02908
69,79912
70,92101
71,10606
72,34232
73,60523
74,33432
75,10606
76,33701
77,90405
78,43556
79,79912
80,54913
81,46077
82,06880
83,70816
84,60148
85,75240
86,33637
87,61820
88,32801
89,32789
90,49503
91,98402
92,72405
93,33701
94,06103
95,49002
96,23462
97,60077
98,60607
99,30326
100,52241
101,30326
102,80222
103,75225
104,75034
105,30907
106,97201
107,53202
108,92037
109,48604
110,77845
111,59401
112,07701
113,60563
114,80202
115,60606
116,32202
117,97401
118,50266
119,06824
120,80401
121,80903
122,47715
123,53562
124,46545
125,48108
126,33134
127,15219
128,58201
129,90071
130,75703
131,33928
132,14534
133,24016
134,35244
135,48084
136,23233
137,80112
138,63105
139,63105
140,90071
141,10167
142,10017
143,33134
144,95129
145,32801
146,48236
147,02908
148,12550
149,98901
150,06880
151,90071
152,15146
153,53562
154,45440
155,77056
156,48084
157,76102
158,06854
159,89501
160,10606
161,30326
162,30327
163,75240
164,75240
165,15146
166,43623
167,83814
168,37922
169,46802
170,46077
171,77056
172,34232
173,14221
174,79106
175,25801
176,60606
177,92037
178,15146
179,83702
180,41701
181,32202
182,45209
183,71101
184,10022
185,31210
186,50266
187,23233
188,92008
189,08054
190,10167
191,08054
192,80111
193,48858
194,06405
195,28405
196,60607
197,60607
198,02420
199,77056
200,06824
201,12601
202,63141
203,61761
204,75165
205,53202
206,29601
207,19103
208,57701
209,55402
210,66211
211,32801
212,60515
213,35901
214,63005
215,59715
216,53224
217,32308
218,62901
219,37922
220,33432
221,21740
222,56501
223,35242
224,02108
225,53202
226,84111
227,08801
228,94111
229,60173
230,94111
231,26501
232,28211
233,72211
234,45840
235,40222
236,13057
237,46240
238,90025
239,33432
240,90071
241,14221
242,53202
243,55115
244,40222
245,48933
246,06103
247,06103
248,01103
249,53022
250,60515
251,90071
252,29601
253,94596
254,32541
255,38305
256,75075
257,12601
258,24060
259,12110
260,45840
261,10022
262,32801
263,33549
264,53092
265,61761
266,70005
267,70816
268,33607
269,45371
270,06854
271,55402
272,58501
273,77056
274,58501
275,55120
276,55120
277,02108
278,10004
279,23462
280,29601
281,28405
282,07960
283,31027
284,29464
285,63105
286,46077
287,53202
288,52401
289,54650
290,75703
291,75703
292,37922
293,43212
294,16046
295,53202
296,53202
297,30601
298,73118
299,15219
300,83709
301,23185
302,84604
303,78257
304,58702
305,55402
306,16046
307,66211
308,12110
309,10167
310,50501
311,83835
312,68164
313,16046
314,30092
315,43212
316,19380
317,90025
318,29201
319,90405
320,70508
321,11747
322,61761
323,92612
324,53202
325,32605
326,01103
327,72405
328,10167
329,60018
330,90025
331,97035
332,53202
333,21030
334,92660
335,95926
336,75001
337,03101
338,95661
339,49503
340,33131
341,33432
342,75240
343,37450
344,06854
345,56701
346,97301
347,18034
348,23462
349,12601
350,47715
351,77381
352,60148
353,08801
354,19103
355,50023
356,46077
357,32308
358,10022
359,55042
360,30309
361,53202
362,70005
363,70458
364,87113
365,54913
366,06511
367,06511
368,58501
369,03431
370,55391
371,05201
372,27103
373,92101
374,32502
375,33432
376,87113
377,55902
378,66614
379,07727
380,43617
381,27607
382,27607
383,90071
384,10167
385,74103
386,63005
387,62704
388,43623
389,38138
390,72211
391,90025
392,56425
393,95240
394,18507
395,45209
396,45209
397,48084
398,33134
399,80202
400,68164
401,07727
402,63141
403,60606
404,41017
405,89503
406,66061
407,28405
408,54913
409,50669
410,28211
411,44113
412,92037
413,10167
414,73139
415,10022
416,80921
417,72211
418,22401
419,04101
420,76102
421,57006
422,37203
423,75075
424,80112
425,48430
426,53202
427,08540
428,53224
429,03101
430,33607
431,99216
432,40222
433,92612
434,60123
435,22102
436,30326
437,37203
438,33913
439,66211
440,44113
441,23233
442,44116
443,44116
444,44116
445,62208
446,83402
447,10167
448,40361
449,78746
450,55439
451,43212
452,33701
453,76102
454,55402
455,60523
456,70601
457,46240
458,63141
459,19803
460,32801
461,40243
462,17601
463,42104
464,53224
465,14221
466,96813
467,83402
468,92037
469,92037
470,58501
471,60606
472,89169
473,54913
474,33401
475,54409
476,37129
477,55042
478,15220
479,49503
480,80401
481,80525
482,04101
483,03301
484,32320
485,27607
486,70005
487,46802
488,10167
489,52101
490,48084
491,27804
492,80903
493,99216
494,45209
495,56258
496,99216
497,23233
498,15068
499,10167
500,95926
501,19512
502,45840
503,51401
504,72703
505,46545
506,50266
507,55120
508,10022
509,53092
510,80501
511,17050
512,96813
513,20191
514,77056
515,60606
516,55902
517,84111
518,53224
519,83501
520,62704
521,60077
522,24018
523,46256
524,46703
525,62948
526,63141
527,16507
528,44113
529,54913
530,92101
531,01089
532,46804
533,55120
534,10022
535,27401
536,45209
537,77056
538,10022
539,80222
540,11530
541,30092
542,68114
543,10022
544,58501
545,49503
546,49503
547,57108
548,80222
549,54937
550,94111
551,59715
552,72211
553,21043
554,80921
555,54650
556,28211
557,33432
558,03801
559,44113
560,44113
561,70005
562,28211
563,80501
564,95129
565,70601
566,19380
567,53202
568,23185
569,75034
570,53018
571,11735
572,06902
573,70508
574,06902
575,29464
576,70816
577,95247
578,37129
579,28269
580,06107
581,35801
582,45440
583,46804
584,19406
585,10017
586,52401
587,53224
588,53224
589,60606
590,27607
591,75240
592,25701
593,19103
594,84604
595,55435
596,28211
597,30339
598,19406
599,98101
600,52401
601,10022
602,63105
603,30326
604,60607
605,75240
606,12601
607,52241
608,53562
609,53562
610,30601
611,65807
612,59715
613,87113
614,19406
615,70508
616,44113
617,07727
618,60606
619,75240
620,61820
621,98402
622,30326
623,40222
624,20852
625,33913
626,28405
627,11702
628,58103
629,60515
630,02108
631,19406
632,33803
633,43623
634,28405
635,06824
636,70005
637,02481
638,27607
639,92612
640,75240
641,63005
642,45069
643,77056
644,55305
645,60606
646,28405
647,68164
648,44113
649,46802
650,54115
651,32502
652,30326
653,48108
654,44113
655,08801
656,90025
657,02908
658,55120
659,45209
660,91367
661,43212
662,17050
663,07960
664,45209
665,30339
666,14221
667,10004
668,97201
669,48084
670,14534
671,35203
672,92505
673,15220
674,64064
675,32801
676,44718
677,28211
678,99216
679,06405
680,55402
681,23185
682,94596
683,84111
684,96813
685,77079
686,72703
687,20006
688,61704
689,22801
690,84060
691,23233
692,83702
693,99216
694,76102
695,38242
696,75225
697,19087
698,46143
699,76301
700,92660
701,27103
702,90025
703,03801
704,28211
705,21030
706,46143
707,44113
708,92101
709,68164
710,68467
711,30092
712,26501
713,29601
714,95815
715,57401
716,52402
717,60510
718,43212
719,01801
720,85260
721,08801
722,77056
723,02184
724,33180
725,08540
726,10022
727,33432
728,53122
729,06511
730,46256
731,66211
732,28803
733,65807
734,80111
735,53188
736,63701
737,77478
738,53202
739,10924
740,12110
741,10167
742,60606
743,53188
744,10606
745,28269
746,45440
747,34232
748,94596
749,99216
750,53045
751,73118
752,77056
753,38138
754,57108
755,28211
756,54720
757,40507
758,58701
759,01801
760,60077
761,30326
762,08801
763,10167
764,18929
765,18929
766,50266
767,53562
768,68114
769,30092
770,21202
771,57108
772,98101
773,53562
774,83301
775,21401
776,97201
777,80903
778,29601
779,57108
780,71101
781,98101
782,01301
783,33701
784,60077
785,70471
786,40222
787,95129
788,84403
789,21030
790,84111
791,84025
792,33432
793,27707
794,23233
795,32801
796,40222
797,37450
798,37450
799,13057
800,55120
801,18034
802,59715
803,53546
804,35406
805,37067
806,20852
807,53562
808,45440
809,14534
810,92660
811,38138
812,53202
813,60061
814,65807
815,53118
816,33607
817,24018
818,23233
819,37604
820,32605
821,60123
822,50266
823,10022
824,80222
825,28269
826,28269
827,31210
828,10022
829,12601
830,11747
831,13413
832,15219
833,28269
834,46204
835,56301
836,34232
837,33394
838,75001
839,38138
840,76102
841,33394
842,26301
843,90071
844,53122
845,92612
846,53406
847,17050
848,80525
849,30326
850,23233
851,32308
852,60563
853,77079
854,84111
855,33432
856,93401
857,30326
858,92101
859,80903
860,33432
861,85297
862,60018
863,60606
864,19406
865,10167
866,83501
867,60606
868,43212
869,75069
870,08054
871,72032
872,70005
873,10022
874,60173
875,10167
876,89169
877,55902
878,17701
879,63005
880,92101
881,17050
882,37129
883,35244
884,13057
885,33410
886,07960
887,07652
888,15219
889,06107
890,50266
891,53217
892,92660
893,33607
894,85258
895,50266
896,60187
897,06902
898,77381
899,92037
900,01801
901,10004
902,06103
903,47201
904,33803
905,18507
906,60173
907,53188
908,75240
909,33604
910,07960
911,77381
912,80903
913,80903
914,30092
915,84604
916,30326
917,07701
918,32216
919,36602
920,72032
921,32217
922,72032
923,74103
924,46545
925,94111
926,37660
927,02908
928,75225
929,33432
930,29306
931,37067
932,34232
933,60515
934,33134
935,45209
936,39157
937,21202
938,14534
939,60606
940,75703
941,02481
942,29601
943,62305
944,53562
945,79912
946,55435
947,92008
948,94111
949,48446
950,26301
951,32801
952,78746
953,60077
954,43212
955,25302
956,11747
957,59715
958,11747
959,29201
960,29501
961,46256
962,06103
963,37203
964,32801
965,78746
966,94111
967,33432
968,33160
969,07960
970,15146
971,77845
972,53045
973,11747
974,11747
975,53018
976,30326
977,78257
978,70508
979,06511
980,90071
981,22102
982,80401
983,47715
984,80301
985,55402
986,75001
987,77079
988,07960
989,43055
990,54482
991,98101
992,92612
993,19380
994,30326
995,52807
996,23233
997,95827
998,14221
999,06880
1000,79101
1001,60515
1002,21401
1003,85016
1004,40507
1005,92037
1006,06107
1007,90071
1008,33394
1009,94065
1010,21030
1011,77056
1012,72211
1013,95129
1014,10004
1015,62208
1016,37203
1017,23462
1018,32801
1019,33432
1020,92101
1021,60563
1022,30326
1023,29201
1024,90802
1025,95129
1026,06854
1027,07656
1028,95129
1029,19103
1030,60077
1031,60173
1032,89169
1033,48858
1034,11747
1035,11747
1036,10022
1037,53092
1038,70508
1039,21202
1040,90071
1041,60606
1042,30339
1043,44130
1044,91367
1045,87113
1046,55902
1047,94065
1048,92037
1049,77381
1050,46204
1051,80301
1052,14850
1053,63005
1054,94111
1055,31210
1056,11747
1057,27707
1058,44691
1059,92008
1060,14534
1061,08540
1062,46802
1063,33401
1064,02908
1065,86001
1066,03801
1067,32502
1068,29601
1069,55435
1070,30326
1071,32605
1072,33607
1073,55435
1074,60173
1075,75225
1076,
1077,94111
1078,94558
1079,46240
1080,55435
1081,85255
1082,29601
1083,55042
1084,90071
1085,75455
1086,79101
1087,80222
1088,37067
1089,06854
1090,55435
1091,63105
1092,50266
1093,14534
1094,37203
1095,53022
1096,44333
1097,75034
1098,99216
1099,95661
1100,55435
1101,25701
1102,06762
1103,57108
1104,85016
1105,21701
1106,13057
1107,62523
1108,94111
1109,33401
1110,22102
1111,22102
1112,63005
1113,46256
1114,62523
1115,07652
1116,35203
1117,48108
1118,02108
1119,29464
1120,43212
1121,53092
1122,90071
1123,90025
1124,10022
1125,10022
1126,63101
1127,28211
1128,23462
1129,78257
1130,60515
1131,39216
1132,37203
1133,33401
1134,33401
1135,53018
1136,40222
1137,29464
1138,83702
1139,90025
1140,37067
1141,44113
1142,15146
1143,50266
1144,77056
1145,62208
1146,75225
1147,53562
1148,06511
1149,27607
1150,76102
1151,01581
1152,38138
1153,92008
1154,63105
1155,60148
1156,48933
1157,75240
1158,44718
1159,75001
1160,02481
1161,60606
1162,07727
1163,74103
1164,10004
1165,06824
1166,61761
1167,47802
1168,20006
1169,45440
1170,40507
1171,80903
1172,53202
1173,90071
1174,83702
1175,11735
1176,46204
1177,80401
1178,33701
1179,93309
1180,60606
1181,10167
1182,62704
1183,22911
1184,22911
1185,77092
1186,60015
1187,75034
1188,60077
1189,30339
1190,01801
1191,45209
1192,48858
1193,02108
1194,70601
1195,55402
1196,70601
1197,25504
1198,11735
1199,14534
1200,10167
1201,02891
1202,92101
1203,94065
1204,23462
1205,33410
1206,92101
1207,80202
1208,62704
1209,49503
1210,30092
1211,60606
1212,70601
1213,13413
1214,23233
1215,75240
1216,84111
1217,97201
1218,35203
1219,44113
1220,55402
1221,75482
1222,28803
1223,37604
1224,20006
1225,80111
1226,50010
1227,94111
1228,15146
1229,33432
1230,50588
1231,53018
1232,53018
1233,45209
1234,27607
1235,77056
1236,52401
1237,92101
1238,33432
1239,95815
1240,95815
1241,02108
1242,63141
1243,06824
1244,06880
1245,30339
1246,80401
1247,06107
1248,50266
1249,08801
1250,14534
1251,53562
1252,33549
1253,76102
1254,14221
1255,22903
1256,07727
1257,77079
1258,75039
1259,52601
1260,75039
1261,90071
1262,33173
1263,33401
1264,27103
1265,06089
1266,34292
1267,56425
1268,59101
1269,60123
1270,28405
1271,95242
1272,76102
1273,44718
1274,46545
1275,95354
1276,47715
1277,28405
1278,33764
1279,61820
1280,32405
1281,34232
1282,10022
1283,11747
1284,63141
1285,74103
1286,67206
1287,23185
1288,10004
1289,54729
1290,50266
1291,84025
1292,23233
1293,23233
1294,30092
1295,63105
1296,76201
1297,76201
1298,48084
1299,84025
1300,23462
1301,23233
1302,92008
1303,30005
1304,55902
1305,10017
1306,33134
1307,92101
1308,01095
1309,10022
1310,46802
1311,17050
1312,56308
1313,07960
1314,84321
1315,62901
1316,70508
1317,68601
1318,21202
1319,48084
1320,94111
1321,43212
1322,63141
1323,12205
1324,60148
1325,33803
1326,43623
1327,60606
1328,30005
1329,27401
1330,75001
1331,62034
1332,13135
1333,59901
1334,43212
1335,53188
1336,83702
1337,28211
1338,56001
1339,57301
1340,89501
1341,06107
1342,37660
1343,33410
1344,46545
1345,37067
1346,99216
1347,30339
1348,71101
1349,80112
1350,30290
1351,19103
1352,46143
1353,90071
1354,79106
1355,54913
1356,70005
1357,11747
1358,84060
1359,25701
1360,43212
1361,92660
1362,02481
1363,02481
1364,53202
1365,60563
1366,10022
1367,45504
1368,60606
1369,78746
1370,80301
1371,33131
1372,45209
1373,33401
1374,21401
1375,56308
1376,65201
1377,29601
1378,83705
1379,97702
1380,60148
1381,92101
1382,23462
1383,06360
1384,59101
1385,10022
1386,10022
1387,11735
1388,33607
1389,49085
1390,14221
1391,33410
1392,02481
1393,21701
1394,63141
1395,54720
1396,59601
1397,55120
1398,31210
1399,43623
1400,60606
1401,68506
1402,39501
1403,49503
1404,07960
1405,80222
1406,59101
1407,55305
1408,76102
1409,37067
1410,10167
1411,06107
1412,33637
1413,53202
1414,53105
1415,70816
1416,11530
1417,11530
1418,11710
1419,62363
1420,92660
1421,27707
1422,91367
1423,95926
1424,30339
1425,34109
1426,33410
1427,55435
1428,13601
1429,07960
1430,30326
1431,91367
1432,89169
1433,97201
1434,33487
1435,10022
1436,40507
1437,51101
1438,58201
1439,70601
1440,32605
1441,27401
1442,81650
1443,19087
1444,45209
1445,18507
1446,06902
1447,30720
1448,37067
1449,70508
1450,77381
1451,55436
1452,33432
1453,75240
1454,02908
1455,77056
1456,50266
1457,77056
1458,75240
1459,46307
1460,27103
1461,92612
1462,80302
1463,80222
1464,80222
1465,56001
1466,27607
1467,23233
1468,60015
1469,77056
1470,28211
1471,75001
1472,27707
1473,27707
1474,84111
1475,10022
1476,75240
1477,44113
1478,37604
1479,54501
1480,53045
1481,43212
1482,75703
1483,53018
1484,33401
1485,07960
1486,85297
1487,06880
1488,60606
1489,33131
1490,37129
1491,27707
1492,49503
1493,58103
1494,51024
1495,63017
1496,46256
1497,43055
1498,74103
1499,60515
1500,92612
1501,34109
1502,86403
1503,02908
1504,08540
1505,54449
1506,19087
1507,96813
1508,33913
1509,11747
1510,33803
1511,08540
1512,01901
1513,55402
1514,02108
1515,30092
1516,60515
1517,10022
1518,48084
1519,50266
1520,03801
1521,30092
1522,27103
1523,91367
1524,80222
1525,79109
1526,01801
1527,53188
1528,58103
1529,72032
1530,28211
1531,83651
1532,70601
1533,50266
1534,13057
1535,13057
1536,33607
1537,77056
1538,45440
1539,02116
1540,18507
1541,90071
1542,55120
1543,53562
1544,92101
1545,76102
1546,50010
1547,18929
1548,31405
1549,55120
1550,60611
1551,98226
1552,02108
1553,12110
1554,13057
1555,08540
1556,18929
1557,28211
1558,20006
1559,08801
1560,79912
1561,29201
1562,33180
1563,93101
1564,12110
1565,12110
1566,27103
1567,62305
1568,60173
1569,21401
1570,06824
1571,75601
1572,90025
1573,06824
1574,14221
1575,19103
1576,30326
1577,90802
1578,57601
1579,67206
1580,60606
1581,61602
1582,22911
1583,75240
1584,98101
1585,49417
1586,07727
1587,07727
1588,46077
1589,02116
1590,98101
1591,01801
1592,10167
1593,90071
1594,15146
1595,23233
1596,46204
1597,33131
1598,45440
1599,53202
1600,27320
1601,35244
1602,37203
1603,33701
1604,25302
1605,58103
1606,53202
1607,53202
1608,37203
1609,30326
1610,60173
1611,96813
1612,70816
1613,63017
1614,49503
1615,81611
1616,66701
1617,06902
1618,10606
1619,50266
1620,85016
1621,02481
1622,02481
1623,02481
1624,94111
1625,08807
1626,60015
1627,77056
1628,55435
1629,53022
1630,45440
1631,37067
1632,60061
1633,02481
1634,22102
1635,22102
1636,98101
1637,60606
1638,02108
1639,63017
1640,13057
1641,53122
1642,20852
1643,02108
1644,33607
1645,20006
1646,33607
1647,34748
1648,61820
1649,53562
1650,70508
1651,58103
1652,43701
1653,43701
1654,58103
1655,80111
1656,32202
1657,28211
1658,06902
1659,50266
1660,37203
1661,35901
1662,65807
1663,92101
1664,07960
1665,84604
1666,29201
1667,23901
1668,22030
1669,29201
1670,75225
1671,15146
1672,44114
1673,55802
1674,97330
1675,10022
1676,95815
1677,77845
1678,46143
1679,46143
1680,80401
1681,21202
1682,97301
1683,43212
1684,52241
1685,02108
1686,64064
1687,80903
1688,07652
1689,35244
1690,03060
1691,91367
1692,52807
1693,92612
1694,92101
1695,94111
1696,80222
1697,83651
1698,54913
1699,48084
1700,70816
1701,80401
1702,11530
1703,19803
1704,90071
1705,46204
1706,15456
1707,80903
1708,13057
1709,37129
1710,38305
1711,27103
1712,10022
1713,70005
1714,70508
1715,97301
1716,80921
1717,78746
1718,10022
1719,80401
1720,60018
1721,33913
1722,61761
1723,92101
1724,10167
1725,29601
1726,10022
1727,11530
1728,60523
1729,53562
1730,18034
1731,75013
1732,26651
1733,53202
1734,58103
1735,75240
1736,75075
1737,60515
1738,74103
1739,43212
1740,33487
1741,45069
1742,87113
1743,19087
1744,63141
1745,06107
1746,19103
1747,80222
1748,55435
1749,55042
1750,90071
1751,83814
1752,33160
1753,53202
1754,44114
1755,44114
1756,55042
1757,62363
1758,60077
1759,27707
1760,92101
1761,33607
1762,08054
1763,07652
1764,33607
1765,60515
1766,23185
1767,77056
1768,68506
1769,37604
1770,32801
1771,07727
1772,75039
1773,06824
1774,53562
1775,33764
1776,13057
1777,11530
1778,68025
1779,68506
1780,10022
1781,30339
1782,94596
1783,68310
1784,94111
1785,61820
1786,11735
1787,31210
1788,80401
1789,92101
1790,30907
1791,45069
1792,80222
1793,50010
1794,19103
1795,40222
1796,33928
1797,68506
1798,19103
1799,08054
1800,60173
1801,14534
1802,37203
1803,99216
1804,26101
1805,42104
1806,23233
1807,84604
1808,29601
1809,75225
1810,83702
1811,94022
1812,35406
1813,87113
1814,21030
1815,84111
1816,60606
1817,10167
1818,53217
1819,55402
1820,55042
1821,74103
1822,46204
1823,53562
1824,35244
1825,75039
1826,06107
1827,33609
1828,28211
1829,61820
1830,84604
1831,44718
1832,23462
1833,55987
1834,55802
1835,52601
1836,54656
1837,10167
1838,12601
1839,54656
1840,55372
1841,32202
1842,30339
1843,55436
1844,85016
1845,68114
1846,62208
1847,33180
1848,02908
1849,20852
1850,18034
1851,35406
1852,78257
1853,62208
1854,07960
1855,33180
1856,10606
1857,64108
1858,92660
1859,90025
1860,01103
1861,98101
1862,33180
1863,44718
1864,78746
1865,33401
1866,37922
1867,75039
1868,35244
1869,19380
1870,80921
1871,95815
1872,73118
1873,60015
1874,27607
1875,97301
1876,48084
1877,50266
1878,63005
1879,54650
1880,33913
1881,70005
1882,30005
1883,80921
1884,50428
1885,14221
1886,37450
1887,10022
1888,85016
1889,21030
1890,21030
1891,21030
1892,23462
1893,10022
1894,77079
1895,60606
1896,17050
1897,30339
1898,55436
1899,10022
1900,10022
1901,43212
1902,75090
1903,61108
1904,94111
1905,15219
1906,45069
1907,53122
1908,33394
1909,46256
1910,14534
1911,07960
1912,02184
1913,12110
1914,12110
1915,85297
1916,49503
1917,92612
1918,60077
1919,90405
1920,03801
1921,53202
1922,30326
1923,91367
1924,45209
1925,13901
1926,74103
1927,18929
1928,22102
1929,55120
1930,02108
1931,10167
1932,02108
1933,11530
1934,06107
1935,97201
1936,32801
1937,28211
1938,48084
1939,90025
1940,93309
1941,37604
1942,68164
1943,75225
1944,31522
1945,94596
1946,33160
1947,08540
1948,15146
1949,33131
1950,80301
1951,22030
1952,10167
1953,31522
1954,12205
1955,07960
1956,02481
1957,11747
1958,02108
1959,43055
1960,15146
1961,06089
1962,43212
1963,53092
1964,95632
1965,53224
1966,80903
1967,70816
1968,53406
1969,23185
1970,11530
1971,11530
1972,12110
1973,90071
1974,10167
1975,67544
1976,11747
1977,60015
1978,53546
1979,80111
1980,06107
1981,39157
1982,50701
1983,48108
1984,95815
1985,19103
1986,66061
1987,32202
1988,28211
1989,12110
1990,14534
1991,15219
1992,74103
1993,13413
1994,67206
1995,75039
1996,52353
1997,68164
1998,49503
1999,97035
2000,27607
2001,23233
2002,98101
2003,37450
2004,90071
2005,06107
2006,02481
2007,75703
2008,22911
2009,11735
2010,58801
2011,31405
2012,53217
2013,43235
2014,45069
2015,33432
2016,19406
2017,28211
2018,23233
2019,75240
2020,64108
2021,89169
2022,76102
2023,06902
2024,62208
2025,63105
2026,63105
2027,06902
2028,40507
2029,27401
2030,48084
2031,70816
2032,89169
2033,06107
2034,06033
2035,06033
2036,98101
2037,94111
2038,55436
2039,97301
2040,70816
2041,77079
2042,39121
2043,01801
2044,50266
2045,49503
2046,97201
2047,54913
2048,98101
2049,13057
2050,33432
2051,20852
2052,30326
2053,85016
2054,94111
2055,70601
2056,48108
2057,57401
2058,58201
2059,30326
2060,30326
2061,53092
2062,08054
2063,30339
2064,55391
2065,36117
2066,10606
2067,77056
2068,29601
2069,46143
2070,92660
2071,47715
2072,60148
2073,37203
2074,68506
2075,70816
2076,35203
2077,45209
2078,20006
2079,58801
2080,94065
2081,55901
2082,60077
2083,35406
2084,49503
2085,45209
2086,91436
2087,75240
2088,35205
2089,37450
2090,48108
2091,33131
2092,10606
2093,80111
2094,80301
2095,74103
2096,87113
2097,15219
2098,02481
2099,45209
2100,11747
2101,98101
2102,49503
2103,17601
2104,30339
2105,37450
2106,37922
2107,32801
2108,60563
2109,60048
2110,90802
2111,13057
2112,06824
2113,63005
2114,80401
2115,28211
2116,60606
2117,40222
2118,92243
2119,33432
2120,60563
2121,30309
2122,63701
2123,54115
2124,80401
2125,58103
2126,75001
2127,68114
2128,60077
2129,60606
2130,68164
2131,53092
2132,02116
2133,02184
2134,37450
2135,53202
2136,28269
2137,45241
2138,37450
2139,56601
2140,62948
2141,43055
2142,77381
2143,27401
2144,83702
2145,33432
2146,36602
2147,85016
2148,20006
2149,53188
2150,96813
2151,10022
2152,28211
2153,60527
2154,77381
2155,02108
2156,28211
2157,29601
2158,54501
2159,56301
2160,50701
2161,44333
2162,27607
2163,27607
2164,60018
2165,01301
2166,40507
2167,27607
2168,72032
2169,18929
2170,46256
2171,24740
2172,92612
2173,19001
2174,19001
2175,63005
2176,02908
2177,02908
2178,08801
2179,92101
2180,15219
2181,92660
2182,68506
2183,11735
2184,37203
2185,31405
2186,94111
2187,07727
2188,60432
2189,08540
2190,63141
2191,60173
2192,90071
2193,32801
2194,70816
2195,77381
2196,91390
2197,21401
2198,17402
2199,32308
2200,10022
2201,97201
2202,89169
2203,12205
2204,53202
2205,78746
2206,33432
2207,99336
2208,72032
2209,33410
2210,07960
2211,91367
2212,33394
2213,72032
2214,15219
2215,50266
2216,07960
2217,10022
2218,53202
2219,35244
2220,53562
2221,27607
2222,90071
2223,75225
2224,11530
2225,55120
2226,28621
2227,48640
2228,13601
2229,27103
2230,35244
2231,95815
2232,32541
2233,91367
2234,23462
2235,34232
2236,80401
2237,02108
2238,73118
2239,15146
2240,30326
2241,28211
2242,37203
2243,54449
2244,12601
2245,52001
2246,54482
2247,66061
2248,12110
2249,63105
2250,21401
2251,55902
2252,01440
2253,10022
2254,54115
2255,15220
2256,32202
2257,46204
2258,27607
2259,27330
2260,95354
2261,37450
2262,45069
2263,55305
2264,15220
2265,46952
2266,32216
2267,98004
2268,83651
2269,15219
2270,48084
2271,99216
2272,45209
2273,20852
2274,07652
2275,60148
2276,10022
2277,12110
2278,06511
2279,03101
2280,66211
2281,40243
2282,52060
2283,46802
2284,67206
2285,33701
2286,20852
2287,31406
2288,31405
2289,80525
2290,55305
2291,99336
2292,06107
2293,08540
2294,14221
2295,60015
2296,11747
2297,40507
2298,75034
2299,26501
2300,33160
2301,33432
2302,44113
2303,14850
2304,21043
2305,06880
2306,32801
2307,35244
2308,60010
2309,92037
2310,33480
2311,98661
2312,10527
2313,27607
2314,17601
2315,95815
2316,37203
2317,93101
2318,72405
2319,60173
2320,27401
2321,01095
2322,06880
2323,23233
2324,53202
2325,91724
2326,46256
2327,23233
2328,91367
2329,37604
2330,53224
2331,49503
2332,30339
2333,10022
2334,91367
2335,49686
2336,49686
2337,49801
2338,49686
2339,49801
2340,48084
2341,60018
2342,66211
2343,99216
2344,10167
2345,70601
2346,32801
2347,40202
2348,70005
2349,37203
2350,54650
2351,91604
2352,33764
2353,46204
2354,60077
2355,23462
2356,98101
2357,92612
2358,49503
2359,49503
2360,53188
2361,15219
2362,97201
2363,46802
2364,27858
2365,53018
2366,10004
2367,11516
2368,92660
2369,70005
2370,06107
2371,18929
2372,38305
2373,30601
2374,21117
2375,21117
2376,07727
2377,49417
2378,78257
2379,19103
2380,94111
2381,06902
2382,06824
2383,11747
2384,60606
2385,76102
2386,35242
2387,35242
2388,06107
2389,06107
2390,32801
2391,92660
2392,87113
2393,30326
2394,11747
2395,87505
2396,06511
2397,44333
2398,37450
2399,78257
2400,33134
2401,79912
2402,92101
2403,08801
2404,94065
2405,76102
2406,02481
2407,44718
2408,80111
2409,33134
2410,48858
2411,21204
2412,20006
2413,80222
2414,28405
2415,66208
2416,99216
2417,30326
2418,33607
2419,91367
2420,48084
2421,33432
2422,53202
2423,33432
2424,33607
2425,58103
2426,20006
2427,49417
2428,26301
2429,54913
2430,54720
2431,80222
2432,06824
2433,94111
2434,21042
2435,45209
2436,60077
2437,33410
2438,60015
2439,13601
2440,97201
2441,52807
2442,50266
2443,52807
2444,95661
2445,32202
2446,44113
2447,30092
2448,33607
2449,54720
2450,16127
2451,90025
2452,65201
2453,60077
2454,60201
2455,37450
2456,92612
2457,03101
2458,07960
2459,68506
2460,12601
2461,21030
2462,21202
2463,95815
2464,12110
2465,27707
2466,12601
2467,49503
2468,73118
2469,33401
2470,70816
2471,52401
2472,10022
2473,32801
2474,93923
2475,01581
2476,84111
2477,53546
2478,70508
2479,31405
2480,07039
2481,43082
2482,92660
2483,60018
2484,30339
2485,15213
2486,30326
2487,07656
2488,37922
2489,17050
2490,48858
2491,06854
2492,37067
2493,21401
2494,24901
2495,37203
2496,77381
2497,37450
2498,92612
2499,55120
2500,10167
2501,34232
2502,66211
2503,64064
2504,21401
2505,40507
2506,20006
2507,12110
2508,98004
2509,06824
2510,66211
2511,18507
2512,16701
2513,47715
2514,47715
2515,92612
2516,50501
2517,76102
2518,80525
2519,53224
2520,94111
2521,55435
2522,21202
2523,10606
2524,44113
2525,78746
2526,56301
2527,96813
2528,26501
2529,35203
2530,33131
2531,33131
2532,60606
2533,53562
2534,46250
2535,10606
2536,22102
2537,33913
2538,12550
2539,75001
2540,48858
2541,75240
2542,71101
2543,60061
2544,12561
2545,33180
2546,21202
2547,26501
2548,70508
2549,75240
2550,23233
2551,30092
2552,11747
2553,90071
2554,76102
2555,60148
2556,07652
2557,49503
2558,10022
2559,30326
2560,60515
2561,70005
2562,77056
2563,57006
2564,24592
2565,75225
2566,53562
2567,95815
2568,11530
2569,12601
2570,74103
2571,10022
2572,60611
2573,58103
2574,02184
2575,70005
2576,10167
2577,54904
2578,07960
2579,37067
2580,84321
2581,33180
2582,80903
2583,84025
2584,66211
2585,46077
2586,32080
2587,56301
2588,74103
2589,58201
2590,55060
2591,66061
2592,80537
2593,76102
2594,63701
2595,63701
2596,63701
2597,14534
2598,23233
2599,75001
2600,16046
2601,77079
2602,20191
2603,30290
2604,02116
2605,49503
2606,68114
2607,49503
2608,32960
2609,31210
2610,01581
2611,56301
2612,15219
2613,35406
2614,32217
2615,63005
2616,55402
2617,80301
2618,37203
2619,30092
2620,95129
2621,46545
2622,87113
2623,90071
2624,43212
2625,99216
2626,57108
2627,70601
2628,48084
2629,53188
2630,70508
2631,64108
2632,20191
2633,23233
2634,27607
2635,46256
2636,29464
2637,30326
2638,53202
2639,55436
2640,74103
2641,20191
2642,06824
2643,60077
2644,45440
2645,34238
2646,46545
2647,89169
2648,54401
2649,85016
2650,58103
2651,14221
2652,53045
2653,47715
2654,29601
2655,79045
2656,97035
2657,85016
2658,48603
2659,01103
2660,60148
2661,63105
2662,10022
2663,30309
2664,53092
2665,70601
2666,70601
2667,40202
2668,23462
2669,46143
2670,37129
2671,83702
2672,84111
2673,80202
2674,25701
2675,63141
2676,30092
2677,92660
2678,33432
2679,32801
2680,76102
2681,75001
2682,33637
2683,33432
2684,65807
2685,92660
2686,77056
2687,60173
2688,23185
2689,12205
2690,68114
2691,55436
2692,75240
2693,66762
2694,14052
2695,64108
2696,53217
2697,72211
2698,14052
2699,80525
2700,46802
2701,44718
2702,63141
2703,37203
2704,80202
2705,59715
2706,30005
2707,80903
2708,29464
2709,45840
2710,52807
2711,63005
2712,55402
2713,19406
2714,95815
2715,15146
2716,75240
2717,52807
2718,55402
2719,29601
2720,29601
2721,72703
2722,53538
2723,83702
2724,19380
2725,57301
2726,27401
2727,80222
2728,61602
2729,75240
2730,43212
2731,48084
2732,12110
2733,75001
2734,94596
2735,02108
2736,77845
2737,80111
2738,16046
2739,08540
2740,77056
2741,46804
2742,90071
2743,98101
2744,98004
2745,10167
2746,31210
2747,28277
2748,06824
2749,92101
2750,33928
2751,28405
2752,53202
2753,43623
2754,70601
2755,10167
2756,50588
2757,59715
2758,53562
2759,30339
2760,92101
2761,43623
2762,27103
2763,57108
2764,07656
2765,66211
2766,62704
2767,74103
2768,93309
2769,43311
2770,83702
2771,54115
2772,76710
2773,92660
2774,56265
2775,30534
2776,46143
2777,94111
2778,99216
2779,70005
2780,56001
2781,56001
2782,82001
2783,58701
2784,55120
2785,15219
2786,10170
2787,15456
2788,54720
2789,20852
2790,97201
2791,42001
2792,90071
2793,32202
2794,63141
2795,60611
2796,07960
2797,60077
2798,76102
2799,62523
2800,26501
2801,13413
2802,15697
2803,75013
2804,23462
2805,33394
2806,30339
2807,46307
2808,55120
2809,36301
2810,75240
2811,06107
2812,27401
2813,53005
2814,07701
2815,63017
2816,60563
2817,03801
2818,48858
2819,26101
2820,33487
2821,23462
2822,46802
2823,02108
2824,53562
2825,85718
2826,53562
2827,43212
2828,63017
2829,50701
2830,70816
2831,56301
2832,59801
2833,33487
2834,45209
2835,54720
2836,99501
2837,80222
2838,83702
2839,15146
2840,49503
2841,68506
2842,46545
2843,66211
2844,43506
2845,90802
2846,85297
2847,33701
2848,78746
2849,12110
2850,98901
2851,55120
2852,94111
2853,53202
2854,92612
2855,55057
2856,27858
2857,35244
2858,78746
2859,12110
2860,58103
2861,93309
2862,97035
2863,46256
2864,33607
2865,44718
2866,16046
2867,33487
2868,83402
2869,54913
2870,17050
2871,55402
2872,55902
2873,50266
2874,75240
2875,47715
2876,92037
2877,37922
2878,70006
2879,48084
2880,65201
2881,07960
2882,78746
2883,73118
2884,53202
2885,95129
2886,77079
2887,83814
2888,19103
2889,94065
2890,33701
2891,32801
2892,60606
2893,97504
2894,30907
2895,37203
2896,97201
2897,46545
2898,37203
2899,98402
2900,37604
2901,07960
2902,60173
2903,46545
2904,19103
2905,07727
2906,78746
2907,43212
2908,91367
2909,40422
2910,40422
2911,53224
2912,53562
2913,11530
2914,98402
2915,62301
2916,21202
2917,13057
2918,85016
2919,13057
2920,75240
2921,27607
2922,72703
2923,73118
2924,28405
2925,20006
2926,70471
2927,60515
2928,70508
2929,84604
2930,65201
2931,55402
2932,55802
2933,46545
2934,49503
2935,49503
2936,46256
2937,48108
2938,55120
2939,19103
2940,03101
2941,72405
2942,61820
2943,48858
2944,85297
2945,80111
2946,22102
2947,66211
2948,27401
2949,34232
2950,72405
2951,33913
2952,62208
2953,07960
2954,24018
2955,35244
2956,43212
2957,31210
2958,33401
2959,31210
2960,89169
2961,06824
2962,30326
2963,65807
2964,31906
2965,70816
2966,44333
2967,44116
2968,11530
2969,92612
2970,44333
2971,10022
2972,94596
2973,33701
2974,77056
2975,75001
2976,27103
2977,15219
2978,71101
2979,37203
2980,23233
2981,53562
2982,90405
2983,31405
2984,53092
2985,84060
2986,84025
2987,53045
2988,43212
2989,08054
2990,73118
2991,80112
2992,49417
2993,46143
2994,33487
2995,70005
2996,33401
2997,33410
2998,32202
2999,44113
3000,91367
3001,35203
3002,57108
3003,52807
3004,80401
3005,60563
3006,97035
3007,12205
3008,17402
3009,42001
3010,73118
3011,89169
3012,68164
3013,73118
3014,29801
3015,80202
3016,53224
3017,55402
3018,70005
3019,95129
3020,37450
3021,98101
3022,33607
3023,33607
3024,46802
3025,49503
3026,75013
3027,71201
3028,11735
3029,32801
3030,10004
3031,89169
3032,94111
3033,50677
3034,35242
3035,85297
3036,85297
3037,80222
3038,06107
3039,27707
3040,10022
3041,60148
3042,50266
3043,27401
3044,10022
3045,55902
3046,07727
3047,75240
3048,60606
3049,53546
3050,55435
3051,53202
3052,64108
3053,80111
3054,33180
3055,38138
3056,37067
3057,40222
3058,37604
3059,92037
3060,75001
3061,37203
3062,70816
3063,56301
3064,65201
3065,33394
3066,48446
3067,32202
3068,83814
3069,12205
3070,12205
3071,45840
3072,85016
3073,33884
3074,43212
3075,84025
3076,12110
3077,55435
3078,06511
3079,80903
3080,77381
3081,27401
3082,02481
3083,35203
3084,72207
3085,93003
3086,37203
3087,06103
3088,37067
3089,46204
3090,70005
3091,30339
3092,63017
3093,21093
3094,70816
3095,90025
3096,02481
3097,62704
3098,45069
3099,06824
3100,30326
3101,15220
3102,23233
3103,74103
3104,75013
3105,06840
3106,01581
3107,10167
3108,22801
3109,10017
3110,66211
3111,07727
3112,84111
3113,06824
3114,63005
3115,24014
3116,10606
3117,75240
3118,23233
3119,77079
3120,21202
3121,27103
3122,60563
3123,80401
3124,27707
3125,98801
3126,20832
3127,60606
3128,32801
3129,45243
3130,33701
3131,66614
3132,60148
3133,01801
3134,90071
3135,16701
3136,27401
3137,80020
3138,35203
3139,33401
3140,60515
3141,77056
3142,60173
3143,92612
3144,19406
3145,10022
3146,30339
3147,37311
3148,15650
3149,12534
3150,76102
3151,11747
3152,84111
3153,33607
3154,55402
3155,20006
3156,02184
3157,52003
3158,27103
3159,75240
3160,95242
3161,01103
3162,45209
3163,43023
3164,10167
3165,53224
3166,37604
3167,98101
3168,06824
3169,37604
3170,60173
3171,06880
3172,32605
3173,50701
3174,32801
3175,63141
3176,49503
3177,23233
3178,57006
3179,68114
3180,54913
3181,75240
3182,98101
3183,73118
3184,30326
3185,92008
3186,10167
3187,77056
3188,15216
3189,92612
3190,37922
3191,22911
3192,17050
3193,37604
3194,66801
3195,37922
3196,06107
3197,80903
3198,07701
3199,97201
3200,07727
3201,55120
3202,15146
3203,54913
3204,37604
3205,37203
3206,22801
3207,30290
3208,10004
3209,33432
3210,63017
3211,60173
3212,03101
3213,27607
3214,62650
3215,63141
3216,55120
3217,19103
3218,35901
3219,45209
3220,49686
3221,72405
3222,28405
3223,55042
3224,92101
3225,46077
3226,50266
3227,54115
3228,60515
3229,32801
3230,68114
3231,53562
3232,10022
3233,55120
3234,29464
3235,90025
3236,78746
3237,37172
3238,
3239,44718
3240,33131
3241,75034
3242,98101
3243,33607
3244,50266
3245,45209
3246,92101
3247,37604
3248,63141
3249,98402
3250,11747
3251,69022
3252,28209
3253,
3254,01801
3255,31210
3256,30601
3257,33764
3258,39157
3259,75801
3260,77056
3261,90071
3262,98101
3263,60563
3264,35242
3265,37203
3266,33401
3267,31210
3268,70471
3269,06488
3270,36602
3271,13413
3272,83402
3273,73118
3274,80202
3275,85718
3276,33607
3277,06824
3278,42001
3279,77056
3280,31522
3281,75225
3282,66049
3283,62523
3284,85297
3285,80401
3286,53562
3287,38138
3288,63141
3289,39157
3290,38804
3291,60123
3292,60077
3293,02108
3294,37203
3295,53562
3296,92612
3297,12110
3298,20006
3299,22102
3300,60611
3301,01103
3302,60606
3303,94596
3304,14221
3305,96813
3306,37604
3307,62523
3308,10606
3309,87113
3310,60563
3311,52401
3312,17402
3313,60173
3314,75240
3315,55431
3316,10022
3317,59715
3318,67206
3319,78257
3320,95959
3321,01801
3322,55402
3323,97504
3324,06902
3325,33410
3326,06107
3327,98101
3328,12110
3329,02481
3330,50501
3331,55436
3332,28211
3333,92037
3334,01103
3335,85382
3336,20191
3337,29464
3338,03810
3339,33180
3340,12110
3341,23233
3342,78257
3343,68601
3344,52807
3345,48858
3346,46307
3347,60077
3348,17601
3349,48084
3350,96813
3351,61832
3352,60148
3353,85297
3354,10022
3355,15216
3356,75240
3357,85016
3358,23462
3359,10022
3360,96813
3361,19103
3362,01581
3363,46545
3364,90071
3365,44113
3366,43623
3367,55305
3368,29201
3369,60606
3370,60067
3371,60093
3372,75240
3373,06107
3374,28211
3375,03101
3376,06880
3377,95129
3378,06824
3379,37922
3380,43623
3381,80202
3382,80903
3383,15219
3384,45209
3385,53562
3386,08054
3387,06033
3388,75075
3389,53122
3390,97201
3391,17050
3392,10167
3393,57201
3394,46802
3395,99216
3396,72703
3397,59937
3398,44333
3399,77056
3400,41017
3401,48084
3402,55305
3403,97201
3404,62704
3405,97201
3406,97201
3407,22102
3408,77381
3409,19087
3410,54482
3411,80401
3412,80222
3413,68164
3414,28405
3415,45806
3416,55987
3417,90071
3418,47905
3419,10606
3420,75034
3421,12110
3422,13057
3423,73118
3424,99216
3425,98101
3426,80401
3427,80525
3428,95129
3429,51455
3430,45069
3431,72405
3432,61108
3433,10022
3434,50266
3435,45209
3436,96813
3437,60563
3438,75001
3439,48084
3440,10022
3441,08054
3442,44113
3443,80112
3444,77056
3445,53092
3446,30339
3447,49503
3448,45840
3449,78746
3450,60606
3451,23510
3452,33764
3453,92660
3454,45440
3455,44113
3456,30339
3457,80401
3458,56001
3459,30092
3460,37067
3461,53217
3462,11747
3463,06902
3464,27401
3465,49503
3466,13601
3467,72211
3468,46077
3469,03861
3470,55436
3471,21030
3472,37922
3473,35244
3474,46256
3475,66211
3476,70816
3477,33410
3478,28405
3479,37203
3480,95482
3481,40222
3482,97035
3483,60957
3484,30309
3485,48858
3486,19087
3487,31405
3488,95815
3489,60611
3490,13057
3491,25701
3492,60606
3493,96813
3494,61822
3495,80525
3496,06902
3497,10004
3498,08540
3499,65807
3500,62363
3501,94111
3502,16046
3503,11735
3504,37203
3505,51401
3506,53546
3507,63141
3508,15219
3509,57108
3510,64108
3511,33401
3512,53217
3513,63701
3514,11735
3515,55305
3516,45209
3517,47715
3518,12110
3519,26101
3520,60173
3521,49855
3522,53546
3523,54166
3524,52001
3525,27103
3526,54451
3527,54971
3528,33410
3529,87113
3530,40202
3531,79912
3532,53224
3533,23462
3534,18929
3535,72703
3536,40222
3537,53562
3538,37203
3539,33134
3540,21202
3541,78746
3542,62208
3543,42071
3544,60148
3545,11530
3546,46802
3547,47905
3548,55902
3549,84025
3550,53224
3551,33394
3552,46545
3553,60173
3554,48084
3555,78257
3556,80903
3557,53081
3558,92660
3559,06103
3560,20191
3561,54115
3562,06824
3563,53202
3564,53188
3565,54720
3566,35203
3567,63141
3568,63141
3569,06033
3570,60077
3571,60061
3572,99216
3573,53202
3574,07656
3575,60515
3576,10022
3577,83455
3578,60148
3579,53562
3580,53562
3581,53562
3582,02108
3583,61602
3584,54913
3585,75034
3586,60523
3587,33131
3588,80202
3589,33487
3590,50266
3591,08801
3592,80401
3593,60521
3594,78257
3595,55902
3596,36602
3597,12590
3598,16508
3599,58201
3600,55436
3601,46143
3602,08540
3603,46240
3604,60148
3605,10022
3606,91367
3607,06880
3608,60123
3609,60061
3610,64108
3611,98101
3612,22903
3613,22030
3614,46802
3615,73013
3616,48084
3617,14534
3618,96813
3619,52807
3620,54961
3621,32309
3622,44114
3623,56001
3624,63141
3625,50266
3626,83814
3627,20191
3628,22102
3629,17050
3630,53122
3631,61853
3632,53122
3633,53122
3634,83814
3635,55402
3636,72211
3637,98402
3638,54913
3639,99216
3640,30326
3641,83702
3642,50158
3643,08540
3644,60173
3645,53545
3646,55436
3647,59801
3648,55902
3649,63005
3650,15601
3651,49002
3652,68506
3653,80525
3654,55435
3655,22102
3656,46545
3657,70816
3658,60915
3659,21202
3660,54115
3661,84770
3662,80112
3663,53092
3664,40202
3665,44333
3666,60515
3667,54143
3668,84604
3669,97201
3670,30326
3671,13057
3672,43623
3673,66211
3674,55802
3675,44691
3676,92612
3677,48084
3678,91367
3679,90071
3680,77002
3681,33928
3682,53562
3683,75240
3684,01801
3685,60015
3686,30534
3687,95815
3688,33913
3689,80202
3690,18034
3691,70005
3692,75001
3693,99216
3694,33487
3695,60077
3696,50701
3697,21043
3698,80903
3699,13057
3700,66061
3701,23462
3702,53022
3703,42001
3704,31210
3705,60123
3706,97201
3707,75165
3708,35244
3709,38138
3710,75001
3711,30339
3712,75703
3713,75240
3714,10022
3715,26101
3716,18507
3717,80112
3718,75240
3719,60173
3720,37203
3721,30326
3722,26301
3723,60123
3724,01801
3725,27707
3726,37922
3727,60077
3728,43212
3729,62208
3730,11747
3731,32202
3732,54720
3733,75225
3734,92037
3735,84025
3736,90071
3737,90071
3738,60123
3739,33803
3740,33432
3741,75225
3742,75225
3743,75039
3744,23462
3745,27103
3746,44718
3747,19406
3748,54720
3749,46256
3750,50501
3751,10022
3752,06880
3753,14534
3754,92660
3755,19406
3756,63017
3757,37922
3758,53022
3759,92660
3760,25701
3761,98402
3762,74701
3763,48084
3764,32308
3765,37203
3766,37203
3767,92037
3768,73118
3769,83301
3770,46256
3771,60173
3772,32801
3773,76102
3774,33180
3775,94065
3776,10606
3777,97058
3778,30309
3779,95815
3780,17050
3781,75703
3782,27401
3783,06107
3784,22030
3785,20191
3786,92505
3787,95129
3788,95129
3789,94111
3790,70508
3791,60606
3792,38138
3793,35242
3794,17050
3795,10022
3796,99216
3797,11735
3798,70005
3799,57401
3800,46804
3801,46804
3802,08054
3803,54720
3804,43351
3805,67206
3806,15146
3807,60077
3808,37042
3809,07960
3810,35244
3811,33432
3812,06824
3813,83651
3814,18034
3815,30339
3816,52807
3817,52807
3818,94596
3819,32801
3820,13901
3821,92612
3822,16046
3823,60061
3824,15219
3825,96813
3826,46256
3827,10022
3828,43212
3829,78746
3830,10022
3831,60077
3832,32605
3833,92101
3834,22911
3835,10170
3836,59715
3837,66211
3838,30290
3839,50158
3840,15219
3841,54016
3842,33432
3843,33432
3844,33160
3845,21740
3846,11735
3847,10606
3848,11735
3849,33134
3850,52241
3851,15219
3852,19406
3853,33928
3854,46802
3855,19406
3856,84111
3857,02184
3858,66211
3859,32605
3860,10022
3861,33134
3862,12110
3863,63141
3864,10167
3865,75001
3866,75001
3867,33134
3868,06902
3869,44675
3870,70601
3871,16507
3872,16507
3873,25801
3874,72405
3875,45440
3876,10004
3877,60148
3878,60523
3879,55802
3880,55305
3881,92660
3882,22102
3883,63005
3884,53202
3885,75013
3886,90071
3887,77056
3888,33913
3889,01801
3890,15220
3891,27607
3892,21030
3893,11747
3894,39157
3895,66211
3896,06405
3897,97035
3898,90405
3899,48084
3900,53562
3901,43623
3902,02108
3903,98004
3904,12110
3905,53202
3906,11747
3907,10022
3908,76102
3909,76102
3910,24504
3911,33432
3912,53562
3913,92660
3914,18929
3915,37203
3916,94111
3917,63141
3918,26501
3919,62208
3920,08540
3921,62301
3922,97201
3923,97035
3924,60061
3925,46077
3926,90802
3927,28211
3928,74103
3929,84604
3930,56301
3931,54913
3932,24504
3933,92505
3934,10022
3935,79912
3936,92505
3937,53018
3938,11747
3939,63801
3940,20191
3941,17050
3942,83702
3943,21740
3944,77056
3945,78746
3946,72032
3947,03101
3948,37604
3949,80202
3950,30326
3951,30326
3952,62208
3953,32502
3954,18929
3955,27401
3956,52807
3957,13413
3958,49002
3959,03101
3960,62208
3961,62208
3962,57108
3963,46077
3964,53122
3965,10004
3966,44113
3967,55435
3968,75225
3969,32801
3970,55437
3971,43212
3972,10022
3973,60123
3974,53022
3975,76102
3976,10167
3977,68114
3978,33134
3979,53546
3980,55436
3981,53202
3982,53022
3983,92612
3984,10004
3985,63105
3986,33401
3987,43212
3988,06880
3989,80108
3990,98101
3991,10167
3992,13413
3993,99216
3994,99216
3995,33394
3996,33160
3997,33913
3998,49503
3999,53562
4000,83651
4001,29601
4002,43623
4003,32308
4004,06824
4005,48108
4006,70471
4007,44718
4008,69001
4009,33607
4010,28405
4011,80222
4012,20006
4013,38138
4014,60061
4015,02908
4016,37067
4017,84604
4018,68506
4019,43212
4020,28211
4021,33607
4022,90071
4023,45209
4024,07640
4025,92612
4026,16046
4027,06511
4028,35244
4029,53202
4030,95129
4031,98101
4032,63005
4033,46545
4034,94596
4035,60173
4036,44333
4037,27410
4038,48933
4039,77479
4040,10167
4041,06854
4042,68601
4043,75225
4044,75039
4045,54650
4046,12110
4047,32960
4048,33764
4049,70508
4050,46545
4051,55060
4052,01103
4053,53202
4054,10022
4055,02108
4056,32202
4057,50266
4058,02481
4059,30339
4060,15219
4061,33803
4062,46256
4063,80222
4064,95129
4065,02184
4066,55042
4067,06790
4068,06790
4069,10167
4070,52353
4071,15219
4072,90071
4073,90802
4074,97201
4075,89169
4076,46992
4077,33637
4078,80301
4079,23233
4080,60523
4081,53562
4082,72032
4083,54401
4084,63005
4085,10022
4086,63005
4087,44113
4088,07960
4089,55901
4090,70005
4091,21043
4092,33410
4093,53188
4094,07727
4095,90071
4096,33410
4097,53202
4098,13413
4099,60563
4100,11747
4101,53018
4102,95240
4103,02108
4104,53202
4105,52241
4106,52241
4107,33487
4108,10606
4109,08801
4110,60173
4111,10022
4112,08801
4113,33607
4114,45440
4115,43212
4116,22030
4117,22911
4118,19103
4119,28277
4120,63105
4121,28803
4122,11747
4123,63105
4124,22030
4125,10170
4126,94596
4127,46256
4128,46545
4129,06107
4130,35244
4131,10022
4132,68164
4133,30339
4134,23233
4135,10022
4136,28501
4137,43212
4138,77056
4139,66211
4140,67206
4141,07656
4142,28803
4143,12866
4144,28803
4145,29201
4146,87113
4147,28269
4148,57701
4149,89169
4150,27707
4151,74103
4152,63017
4153,76710
4154,79101
4155,99336
4156,68601
4157,02108
4158,06854
4159,06107
4160,90071
4161,55436
4162,90405
4163,10022
4164,72032
4165,33432
4166,33432
4167,90025
4168,38305
4169,94111
4170,18929
4171,15219
4172,33764
4173,11747
4174,11747
4175,46240
4176,38655
4177,58103
4178,34232
4179,77381
4180,54650
4181,60148
4182,62208
4183,06107
4184,90025
4185,02818
4186,33432
4187,80222
4188,96813
4189,10606
4190,40222
4191,18507
4192,75240
4193,10167
4194,30326
4195,98101
4196,78257
4197,19406
4198,19406
4199,19103
4200,60611
4201,07960
4202,37067
4203,53202
4204,08540
4205,06511
4206,35406
4207,52001
4208,29306
4209,37203
4210,14534
4211,30092
4212,49503
4213,22102
4214,32801
4215,32224
4216,02108
4217,06902
4218,48446
4219,12110
4220,70508
4221,33394
4222,75240
4223,25701
4224,33701
4225,75225
4226,60606
4227,60148
4228,60061
4229,16507
4230,60563
4231,92101
4232,50501
4233,96813
4234,20852
4235,97401
4236,78257
4237,60077
4238,77381
4239,92505
4240,60018
4241,02908
4242,12110
4243,37203
4244,07727
4245,22152
4246,48084
4247,20852
4248,83702
4249,60515
4250,94596
4251,91367
4252,73118
4253,84321
4254,80903
4255,72405
4256,83651
4257,21773
4258,57006
4259,37067
4260,46077
4261,72405
4262,75240
4263,97201
4264,62704
4265,17402
4266,63005
4267,92505
4268,17050
4269,16046
4270,54913
4271,83001
4272,10167
4273,75001
4274,61602
4275,90071
4276,94596
4277,60018
4278,46240
4279,60018
4280,15146
4281,97301
4282,68164
4283,53022
4284,33803
4285,30339
4286,17402
4287,07727
4288,70816
4289,50323
4290,02108
4291,46240
4292,39157
4293,53018
4294,80111
4295,59101
4296,28211
4297,94111
4298,45440
4299,73118
4300,94596
4301,35901
4302,52241
4303,59715
4304,72405
4305,37203
4306,43212
4307,25302
4308,82601
4309,80903
4310,99501
4311,75703
4312,15220
4313,92612
4314,02481
4315,33401
4316,33401
4317,59715
4318,82001
4319,75703
4320,10167
4321,35244
4322,23233
4323,75240
4324,62704
4325,01201
4326,28211
4327,44718
4328,37203
4329,63141
4330,63141
4331,64108
4332,28211
4333,66061
4334,06824
4335,55120
4336,49417
4337,03101
4338,19103
4339,60523
4340,84111
4341,10022
4342,55305
4343,50010
4344,87113
4345,60606
4346,06611
4347,59101
4348,35203
4349,21202
4350,19406
4351,60606
4352,19103
4353,92612
4354,11530
4355,83814
4356,97201
4357,97201
4358,97201
4359,27707
4360,10022
4361,15146
4362,15146
4363,90071
4364,90071
4365,32801
4366,59801
4367,35244
4368,50701
4369,49686
4370,46204
4371,21202
4372,63701
4373,13676
4374,29201
4375,91367
4376,85016
4377,10022
4378,48084
4379,97201
4380,08055
4381,36830
4382,66211
4383,03101
4384,90025
4385,20006
4386,53022
4387,02908
4388,33401
4389,01801
4390,95815
4391,60061
4392,33701
4393,11747
4394,52241
4395,10606
4396,93901
4397,07652
4398,19103
4399,32202
4400,33432
4401,55402
4402,31405
4403,58701
4404,38305
4405,75225
4406,37129
4407,10004
4408,64108
4409,54115
4410,70816
4411,66211
4412,75240
4413,48858
4414,10022
4415,10022
4416,43212
4417,97035
4418,63141
4419,15220
4420,43623
4421,10606
4422,62208
4423,14534
4424,40202
4425,68801
4426,95815
4427,08054
4428,12205
4429,91355
4430,07656
4431,33401
4432,16127
4433,13057
4434,44718
4435,45840
4436,50266
4437,63141
4438,98402
4439,65807
4440,60563
4441,60606
4442,53188
4443,06854
4444,77056
4445,70816
4446,80222
4447,94111
4448,46256
4449,22801
4450,36106
4451,92037
4452,80004
4453,95129
4454,21043
4455,53202
4456,22030
4457,23226
4458,46947
4459,52807
4460,17050
4461,31210
4462,80525
4463,47715
4464,57108
4465,46802
4466,33487
4467,94065
4468,83402
4469,33410
4470,80202
4471,67206
4472,12110
4473,08540
4474,29306
4475,80111
4476,92660
4477,45209
4478,35244
4479,89169
4480,60173
4481,99362
4482,28405
4483,06880
4484,78257
4485,82001
4486,26501
4487,23233
4488,19406
4489,98101
4490,60606
4491,60187
4492,06824
4493,48084
4494,10004
4495,43212
4496,59501
4497,24426
4498,48084
4499,53188
4500,55402
4501,55802
4502,19380
4503,60148
4504,10022
4505,75034
4506,33432
4507,98101
4508,90071
4509,49503
4510,27607
4511,63017
4512,31405
4513,61602
4514,37129
4515,53202
4516,02108
4517,33134
4518,54482
4519,78703
4520,58103
4521,80202
4522,06824
4523,55436
4524,21202
4525,30339
4526,55402
4527,80401
4528,56601
4529,56601
4530,46383
4531,98101
4532,65807
4533,57301
4534,53202
4535,02184
4536,96813
4537,26101
4538,11747
4539,92037
4540,50266
4541,55120
4542,33394
4543,33131
4544,49503
4545,92612
4546,37203
4547,50701
4548,10606
4549,33180
4550,77381
4551,33487
4552,76102
4553,06103
4554,53202
4555,84403
4556,54482
4557,94111
4558,02108
4559,37075
4560,92612
4561,72703
4562,90802
4563,66061
4564,23462
4565,33134
4566,33432
4567,33928
4568,78257
4569,52401
4570,98101
4571,33637
4572,80903
4573,32216
4574,46802
4575,75001
4576,43212
4577,53562
4578,83702
4579,75001
4580,75240
4581,43212
4582,
4583,77381
4584,46256
4585,40222
4586,80222
4587,60515
4588,75075
4589,30092
4590,23233
4591,06880
4592,53022
4593,10004
4594,94111
4595,30601
4596,64064
4597,84111
4598,37203
4599,32605
4600,78746
4601,27401
4602,84111
4603,43623
4604,53188
4605,37450
4606,90405
4607,60148
4608,80222
4609,80401
4610,96813
4611,96813
4612,46143
4613,54650
4614,57108
4615,96813
4616,85297
4617,06019
4618,48084
4619,80525
4620,97201
4621,27707
4622,33637
4623,70005
4624,53122
4625,10022
4626,33607
4627,75703
4628,98101
4629,07960
4630,91367
4631,12205
4632,44113
4633,55802
4634,33764
4635,75034
4636,98101
4637,80111
4638,15219
4639,02908
4640,53202
4641,07727
4642,92612
4643,46256
4644,33131
4645,65201
4646,65201
4647,22102
4648,75001
4649,43623
4650,66211
4651,84403
4652,52807
4653,90025
4654,01581
4655,17601
4656,48108
4657,89169
4658,64108
4659,11747
4660,10022
4661,10022
4662,56001
4663,33432
4664,33432
4665,46204
4666,79912
4667,29601
4668,53562
4669,97702
4670,80222
4671,80222
4672,28211
4673,60015
4674,90071
4675,92660
4676,84025
4677,92101
4678,25302
4679,07701
4680,55042
4681,94065
4682,30309
4683,53202
4684,44113
4685,30601
4686,60606
4687,60606
4688,66061
4689,17601
4690,38138
4691,60515
4692,53092
4693,75225
4694,95815
4695,33913
4696,60515
4697,10017
4698,28269
4699,96813
4700,11516
4701,28405
4702,71101
4703,63005
4704,15219
4705,70601
4706,68025
4707,53202
4708,98101
4709,39501
4710,78257
4711,32801
4712,10022
4713,33401
4714,53224
4715,90025
4716,08054
4717,30092
4718,43212
4719,68114
4720,53190
4721,61602
4722,33134
4723,53562
4724,27401
4725,54650
4726,60606
4727,56301
4728,70005
4729,55305
4730,17050
4731,70508
4732,74103
4733,60077
4734,32801
4735,60061
4736,45209
4737,18034
4738,60077
4739,53045
4740,53022
4741,15219
4742,77381
4743,46256
4744,03431
4745,40202
4746,31405
4747,73118
4748,23233
4749,76021
4750,63141
4751,12205
4752,28269
4753,27607
4754,48084
4755,11747
4756,10004
4757,11747
4758,98101
4759,20852
4760,92505
4761,94111
4762,98402
4763,52807
4764,48084
4765,94596
4766,35901
4767,34109
4768,50266
4769,92101
4770,52501
4771,77057
4772,30326
4773,95501
4774,45209
4775,27103
4776,80401
4777,60077
4778,40422
4779,63017
4780,94596
4781,77056
4782,57042
4783,66211
4784,68025
4785,60606
4786,43623
4787,54115
4788,10022
4789,59523
4790,07960
4791,02481
4792,83814
4793,34232
4794,99216
4795,55431
4796,53919
4797,53142
4798,47715
4799,55402
4800,06902
4801,66211
4802,66202
4803,47715
4804,53188
4805,95815
4806,33432
4807,40701
4808,11747
4809,44113
4810,46835
4811,33401
4812,10004
4813,28211
4814,37067
4815,33134
4816,10022
4817,12205
4818,46802
4819,60077
4820,56537
4821,19406
4822,60031
4823,53562
4824,19380
4825,13057
4826,43221
4827,21030
4828,90026
4829,80921
4830,90025
4831,37067
4832,52591
4833,10022
4834,34232
4835,33764
4836,55120
4837,55120
4838,92101
4839,60563
4840,61602
4841,10017
4842,98101
4843,33160
4844,78257
4845,23233
4846,12205
4847,60015
4848,60606
4849,14226
4850,35203
4851,11747
4852,06854
4853,55435
4854,10022
4855,55120
4856,37922
4857,90071
4858,30326
4859,33401
4860,80222
4861,80111
4862,57108
4863,30326
4864,96813
4865,32202
4866,98101
4867,95129
4868,10022
4869,55802
4870,18929
4871,98101
4872,77381
4873,37604
4874,30326
4875,14221
4876,26501
4877,44333
4878,33432
4879,44718
4880,02481
4881,02108
4882,60515
4883,60148
4884,57701
4885,03801
4886,07960
4887,60611
4888,10004
4889,50701
4890,50010
4891,33134
4892,06902
4893,92101
4894,77381
4895,90071
4896,80108
4897,52142
4898,55402
4899,63141
4900,33134
4901,55435
4902,48084
4903,08801
4904,18929
4905,28144
4906,18507
4907,97035
4908,37922
4909,63141
4910,54913
4911,01440
4912,90071
4913,06103
4914,55402
4915,56301
4916,60606
4917,28405
4918,72405
4919,35901
4920,64108
4921,45440
4922,75240
4923,30326
4924,19406
4925,19406
4926,98101
4927,68114
4928,28803
4929,60173
4930,33131
4931,78257
4932,50022
4933,46563
4934,08801
4935,68025
4936,77079
4937,87507
4938,80903
4939,78257
4940,53202
4941,10167
4942,54650
4943,23233
4944,15219
4945,77056
4946,03101
4947,50266
4948,04101
4949,90025
4950,08801
4951,82072
4952,84321
4953,73118
4954,21202
4955,18507
4956,52401
4957,08801
4958,10022
4959,33432
4960,37922
4961,90071
4962,77479
4963,37067
4964,68025
4965,33701
4966,40507
4967,94111
4968,53202
4969,55436
4970,10022
4971,06824
4972,06089
4973,49801
4974,76102
4975,60018
4976,21701
4977,02116
4978,10167
4979,30339
4980,60173
4981,19103
4982,92660
4983,61820
4984,77381
4985,92660
4986,43623
4987,30461
4988,27607
4989,33701
4990,38305
4991,62523
4992,45209
4993,48084
4994,60606
4995,71101
4996,74103
4997,33606
4998,90071
4999,46204
5000,98801
5001,75703
5002,46143
5003,28803
5004,80903
5005,64108
5006,19103
5007,10167
5008,60607
5009,33803
5010,60606
5011,33607
5012,21043
5013,10004
5014,32801
5015,60173
5016,35203
5017,35203
5018,33432
5019,30092
5020,60173
5021,33134
5022,75240
5023,55120
5024,01801
5025,27607
5026,39157
5027,98101
5028,43623
5029,30326
5030,06107
5031,85016
5032,95661
5033,08801
5034,35901
5035,56001
5036,37067
5037,80202
5038,93727
5039,67110
5040,98402
5041,54650
5042,61108
5043,48084
5044,28211
5045,44113
5046,26501
5047,46256
5048,65201
5049,45209
5050,85297
5051,58201
5052,30326
5053,07960
5054,90071
5055,75240
5056,43212
5057,32801
5058,75225
5059,60137
5060,94111
5061,10167
5062,63701
5063,54482
5064,73118
5065,87113
5066,92505
5067,50266
5068,35203
5069,77056
5070,15146
5071,62208
5072,15219
5073,84604
5074,12205
5075,75240
5076,30339
5077,32801
5078,22102
5079,31210
5080,53562
5081,66211
5082,23233
5083,44113
5084,92101
5085,10606
5086,93101
5087,29920
5088,60077
5089,33394
5090,78746
5091,53562
5092,34232
5093,80903
5094,19803
5095,62301
5096,35203
5097,32605
5098,50266
5099,48603
5100,63141
5101,37203
5102,53188
5103,67206
5104,28211
5105,53202
5106,52747
5107,20852
5108,27607
5109,66211
5110,49503
5111,10606
5112,60148
5113,94111
5114,16046
5115,52807
5116,07701
5117,32502
5118,48084
5119,92660
5120,76102
5121,76102
5122,32202
5123,08540
5124,02108
5125,49002
5126,52057
5127,15219
5128,06880
5129,90025
5130,12601
5131,43235
5132,95815
5133,23185
5134,83814
5135,37129
5136,29464
5137,84604
5138,19103
5139,12866
5140,75703
5141,33432
5142,66211
5143,03101
5144,96813
5145,58501
5146,80401
5147,10167
5148,35205
5149,60606
5150,78501
5151,90405
5152,06107
5153,66061
5154,85718
5155,06824
5156,06902
5157,62301
5158,46802
5159,15219
5160,45805
5161,53202
5162,60148
5163,55435
5164,32801
5165,37922
5166,77381
5167,10022
5168,48108
5169,29601
5170,12205
5171,12205
5172,33134
5173,60061
5174,70601
5175,33134
5176,79101
5177,15220
5178,43623
5179,43623
5180,30601
5181,53224
5182,30326
5183,53188
5184,56728
5185,85016
5186,45440
5187,26501
5188,62034
5189,48084
5190,33131
5191,91741
5192,23233
5193,80301
5194,45209
5195,46077
5196,60173
5197,57401
5198,57402
5199,22911
5200,58801
5201,94596
5202,60515
5203,12601
5204,33134
5205,80222
5206,10022
5207,19103
5208,83402
5209,33432
5210,48430
5211,92660
5212,39157
5213,23233
5214,20006
5215,90405
5216,03101
5217,15146
5218,15146
5219,06712
5220,78746
5221,37450
5222,29201
5223,35242
5224,23233
5225,57108
5226,12110
5227,12110
5228,08054
5229,30339
5230,64108
5231,71101
5232,06107
5233,55120
5234,61350
5235,60521
5236,92660
5237,30339
5238,35205
5239,11530
5240,53018
5241,33607
5242,45840
5243,27607
5244,33607
5245,76102
5246,36027
5247,33928
5248,49503
5249,30326
5250,60077
5251,63141
5252,47905
5253,37067
5254,77381
5255,56301
5256,92037
5257,58201
5258,91367
5259,07960
5260,14221
5261,43235
5262,84604
5263,29201
5264,02184
5265,61820
5266,76102
5267,23233
5268,98101
5269,06824
5270,13413
5271,25401
5272,37922
5273,76308
5274,05201
5275,27607
5276,38138
5277,30326
5278,45209
5279,63701
5280,11747
5281,01950
5282,01950
5283,60077
5284,78257
5285,68114
5286,10022
5287,75225
5288,50266
5289,37203
5290,28803
5291,50266
5292,57701
5293,55402
5294,45209
5295,53546
5296,80222
5297,28211
5298,10022
5299,55042
5300,10022
5301,60523
5302,63141
5303,63141
5304,97201
5305,28269
5306,75240
5307,01801
5308,94596
5309,53188
5310,30005
5311,20852
5312,32801
5313,92101
5314,92612
5315,02668
5316,33134
5317,80112
5318,53122
5319,63017
5320,53562
5321,85016
5322,83814
5323,62704
5324,12110
5325,92612
5326,33928
5327,60077
5328,11747
5329,47111
5330,53188
5331,53202
5332,12205
5333,77056
5334,33134
5335,66061
5336,30326
5337,78257
5338,27707
5339,32801
5340,45209
5341,37922
5342,53217
5343,62901
5344,28269
5345,68114
5346,52310
5347,46240
5348,46802
5349,43235
5350,54720
5351,02108
5352,02908
5353,46802
5354,08054
5355,12110
5356,90071
5357,55436
5358,55305
5359,48084
5360,30601
5361,29201
5362,98901
5363,53122
5364,70816
5365,57701
5366,28211
5367,80401
5368,27607
5369,44113
5370,15219
5371,48060
5372,03104
5373,72032
5374,02108
5375,74103
5376,35203
5377,72703
5378,49783
5379,63141
5380,60563
5381,45840
5382,32202
5383,33401
5384,63017
5385,80903
5386,60523
5387,52241
5388,12110
5389,60148
5390,28803
5391,70508
5392,28803
5393,73118
5394,35801
5395,89169
5396,18507
5397,35801
5398,44718
5399,97301
5400,44333
5401,90071
5402,83651
5403,45209
5404,35901
5405,33394
5406,33410
5407,10924
5408,10022
5409,55042
5410,10606
5411,60523
5412,22911
5413,54115
5414,92101
5415,45840
5416,52001
5417,46802
5418,13901
5419,75001
5420,12205
5421,55901
5422,57108
5423,53081
5424,07092
5425,60606
5426,92101
5427,10167
5428,65201
5429,19001
5430,83402
5431,11747
5432,17050
5433,22030
5434,46383
5435,53188
5436,32801
5437,32801
5438,46204
5439,40504
5440,59101
5441,11747
5442,40504
5443,17601
5444,30339
5445,92612
5446,10022
5447,75039
5448,24740
5449,62208
5450,70471
5451,80222
5452,80222
5453,53092
5454,92660
5455,10167
5456,47715
5457,27401
5458,55305
5459,40202
5460,06103
5461,40202
5462,45209
5463,45209
5464,70508
5465,32202
5466,80301
5467,53562
5468,20006
5469,27607
5470,26301
5471,10022
5472,80903
5473,94111
5474,15456
5475,84321
5476,54220
5477,10167
5478,45806
5479,68601
5480,53202
5481,53022
5482,10004
5483,02481
5484,54115
5485,83651
5486,33607
5487,66061
5488,07701
5489,92101
5490,92612
5491,34232
5492,28269
5493,92101
5494,79912
5495,68114
5496,89169
5497,13135
5498,80202
5499,10004
5500,10022
5501,53188
5502,10022
5503,60173
5504,23185
5505,73118
5506,43212
5507,75001
5508,63141
5509,73118
5510,85016
5511,22030
5512,60563
5513,22102
5514,37922
5515,95661
5516,06103
5517,80903
5518,53562
5519,23233
5520,47905
5521,06902
5522,37067
5523,38138
5524,36602
5525,61602
5526,40222
5527,39402
5528,60018
5529,27707
5530,12110
5531,37604
5532,95815
5533,29601
5534,40222
5535,90071
5536,19406
5537,50266
5538,45840
5539,33401
5540,33487
5541,06107
5542,07960
5543,32801
5544,94111
5545,11530
5546,64108
5547,10022
5548,32801
5549,10167
5550,77381
5551,33180
5552,12205
5553,60611
5554,90071
5555,33160
5556,37408
5557,44718
5558,45440
5559,80111
5560,55402
5561,46256
5562,08540
5563,92037
5564,63005
5565,55391
5566,67206
5567,76102
5568,55110
5569,46256
5570,23233
5571,07652
5572,60523
5573,55435
5574,72703
5575,77056
5576,53092
5577,40202
5578,25701
5579,56001
5580,70005
5581,18929
5582,74103
5583,66212
5584,70508
5585,10022
5586,32308
5587,90071
5588,55110
5589,48315
5590,98004
5591,66061
5592,75039
5593,33928
5594,75240
5595,55402
5596,11735
5597,84604
5598,84604
5599,63045
5600,53562
5601,60606
5602,94111
5603,33180
5604,15219
5605,06902
5606,33432
5607,14221
5608,35244
5609,37660
5610,33928
5611,10167
5612,53546
5613,22102
5614,10167
5615,76102
5616,60523
5617,55902
5618,07727
5619,13126
5620,06107
5621,58501
5622,80903
5623,06107
5624,11747
5625,54482
5626,30326
5627,66502
5628,02108
5629,02108
5630,06107
5631,50701
5632,40222
5633,92037
5634,45840
5635,10022
5636,10022
5637,26301
5638,94111
5639,10022
5640,92660
5641,37203
5642,01095
5643,68114
5644,68114
5645,63017
5646,54720
5647,92008
5648,92008
5649,19087
5650,43235
5651,95670
5652,60018
5653,53224
5654,45209
5655,60607
5656,46077
5657,70471
5658,32801
5659,78257
5660,70816
5661,52807
5662,30339
5663,31210
5664,20006
5665,55436
5666,77079
5667,53562
5668,53562
5669,33701
5670,77845
5671,75240
5672,92008
5673,27401
5674,40222
5675,77056
5676,61820
5677,92101
5678,10170
5679,18034
5680,33928
5681,70816
5682,59715
5683,78746
5684,33701
5685,53546
5686,15220
5687,15219
5688,95926
5689,06854
5690,64108
5691,68114
5692,52807
5693,92037
5694,02184
5695,23233
5696,68801
5697,95354
5698,68801
5699,48084
5700,75225
5701,33131
5702,53045
5703,30326
5704,07701
5705,07701
5706,01581
5707,06437
5708,37203
5709,78746
5710,30339
5711,53202
5712,77479
5713,53081
5714,58201
5715,32801
5716,97035
5717,33180
5718,33180
5719,96813
5720,98402
5721,22030
5722,53224
5723,33160
5724,21030
5725,78746
5726,78746
5727,49002
5728,80222
5729,87113
5730,30309
5731,12110
5732,33764
5733,90405
5734,98004
5735,11530
5736,48084
5737,94111
5738,39157
5739,37604
5740,90071
5741,10167
5742,55402
5743,32789
5744,49503
5745,55402
5746,49855
5747,90071
5748,97420
5749,80921
5750,91302
5751,60606
5752,84111
5753,10022
5754,60123
5755,83651
5756,89169
5757,98292
5758,90071
5759,87113
5760,07960
5761,76102
5762,10606
5763,15220
5764,56001
5765,95815
5766,75013
5767,43212
5768,21202
5769,55120
5770,46410
5771,60523
5772,10004
5773,20006
5774,75001
5775,33394
5776,19380
5777,06103
5778,33487
5779,54913
5780,80301
5781,80401
5782,80222
5783,58103
5784,92612
5785,98101
5786,52101
5787,75225
5788,17601
5789,92612
5790,28211
5791,19103
5792,77845
5793,08540
5794,07701
5795,07701
5796,47905
5797,55436
5798,56537
5799,05201
5800,60957
5801,07960
5802,92101
5803,42104
5804,21401
5805,55121
5806,53092
5807,92101
5808,11530
5809,11747
5810,30309
5811,45209
5812,02184
5813,33487
5814,68506
5815,60521
5816,70005
5817,80921
5818,14534
5819,60173
5820,61108
5821,48161
5822,63141
5823,63141
5824,58701
5825,85297
5826,99336
5827,60061
5828,55120
5829,47201
5830,62704
5831,91306
5832,85016
5833,80301
5834,53022
5835,22030
5836,53018
5837,47201
5838,21043
5839,70816
5840,22102
5841,63105
5842,92101
5843,21701
5844,53546
5845,45209
5846,50266
5847,90025
5848,37067
5849,77079
5850,55436
5851,80202
5852,22102
5853,53202
5854,23233
5855,68506
5856,54115
5857,54913
5858,55402
5859,55436
5860,66061
5861,48084
5862,53018
5863,13413
5864,59715
5865,53188
5866,60148
5867,35406
5868,47715
5869,43212
5870,28211
5871,40507
5872,94111
5873,53022
5874,46545
5875,30326
5876,10022
5877,10022
5878,14221
5879,53562
5880,57108
5881,46143
5882,75240
5883,92101
5884,32801
5885,32202
5886,54451
5887,33607
5888,52241
5889,06880
5890,33701
5891,13676
5892,29601
5893,02481
5894,55305
5895,13057
5896,54720
5897,63141
5898,53217
5899,62034
5900,63141
5901,52057
5902,68114
5903,19087
5904,55120
5905,58701
5906,61820
5907,37203
5908,98101
5909,53022
5910,18929
5911,10606
5912,37203
5913,32801
5914,01801
5915,50266
5916,51401
5917,29601
5918,70471
5919,62034
5920,10167
5921,14534
5922,55305
5923,50266
5924,60607
5925,33394
5926,54115
5927,53217
5928,60606
5929,14534
5930,28211
5931,65807
5932,35203
5933,43623
5934,68506
5935,97201
5936,37203
5937,65201
5938,64108
5939,99216
5940,38138
5941,40202
5942,32308
5943,29201
5944,38138
5945,23462
5946,33401
5947,29646
5948,29201
5949,22030
5950,83702
5951,25701
5952,53022
5953,87113
5954,55436
5955,54913
5956,10167
5957,45840
5958,49417
5959,92612
5960,66211
5961,10606
5962,10606
5963,49770
5964,10022
5965,55115
5966,80903
5967,37203
5968,06880
5969,38138
5970,57108
5971,11747
5972,56301
5973,13337
5974,06824
5975,10167
5976,01301
5977,32801
5978,50613
5979,60607
5980,19103
5981,33607
5982,75240
5983,99216
5984,99336
5985,21030
5986,03431
5987,80222
5988,53224
5989,90025
5990,15219
5991,91367
5992,23185
5993,18929
5994,66211
5995,10167
5996,10606
5997,23233
5998,48084
5999,60606
6000,07701
6001,11530
6002,10022
6003,92101
6004,92101
6005,28211
6006,43212
6007,78746
6008,48084
6009,48084
6010,08540
6011,10022
6012,20191
6013,33180
6014,81632
6015,21202
6016,06854
6017,83702
6018,78257
6019,91367
6020,06902
6021,48084
6022,68114
6023,37067
6024,55120
6025,68701
6026,72032
6027,84770
6028,62208
6029,77056
6030,32801
6031,10167
6032,07701
6033,45069
6034,92660
6035,15219
6036,33607
6037,02108
6038,52043
6039,45069
6040,01103
6041,60559
6042,44515
6043,75240
6044,37450
6045,14534
6046,99336
6047,80401
6048,10022
6049,21401
6050,02481
6051,32548
6052,11747
6053,61064
6054,60077
6055,08054
6056,06107
6057,15219
6058,13057
6059,13057
6060,90071
6061,15219
6062,20006
6063,95815
6064,10167
6065,95661
6066,33410
6067,35244
6068,63017
6069,11735
6070,25801
6071,63141
6072,45209
6073,97201
6074,53562
6075,53562
6076,01801
6077,01801
6078,62704
6079,62704
6080,98101
6081,22102
6082,33410
6083,54720
6084,33401
6085,77056
6086,15219
6087,20191
6088,20191
6089,50701
6090,75240
6091,43212
6092,10022
6093,33607
6094,91367
6095,94111
6096,63141
6097,33410
6098,94596
6099,49503
6100,28405
6101,77845
6102,14534
6103,49002
6104,92505
6105,60018
6106,91302
6107,14221
6108,63141
6109,80222
6110,53018
6111,94596
6112,39157
6113,37042
6114,60515
6115,16046
6116,42104
6117,10022
6118,33410
6119,53188
6120,27607
6121,32801
6122,66211
6123,10022
6124,62208
6125,74103
6126,59715
6127,39216
6128,01801
6129,75001
6130,80921
6131,44718
6132,56301
6133,56073
6134,10022
6135,55435
6136,77056
6137,92660
6138,08540
6139,05201
6140,53562
6141,55436
6142,75001
6143,50588
6144,80903
6145,34232
6146,19380
6147,90071
6148,53130
6149,55042
6150,12601
6151,48084
6152,40222
6153,37203
6154,21701
6155,32801
6156,28405
6157,90071
6158,11747
6159,37604
6160,80111
6161,31405
6162,37042
6163,10167
6164,43212
6165,29601
6166,48084
6167,59715
6168,14534
6169,65807
6170,30326
6171,77056
6172,62523
6173,01801
6174,16801
6175,63141
6176,84770
6177,53916
6178,42104
6179,25504
6180,90071
6181,84025
6182,61853
6183,14701
6184,16046
6185,83651
6186,56301
6187,13413
6188,50023
6189,80401
6190,60606
6191,97702
6192,75075
6193,53202
6194,60077
6195,72703
6196,55436
6197,15220
6198,58103
6199,90071
6200,11747
6201,83702
6202,75075
6203,77079
6204,49503
6205,25801
6206,30326
6207,44718
6208,63141
6209,46307
6210,27707
6211,92101
6212,30309
6213,75034
6214,84403
6215,84025
6216,31405
6217,32202
6218,97035
6219,49503
6220,45503
6221,33487
6222,02108
6223,77381
6224,68114
6225,80301
6226,63141
6227,92612
6228,06107
6229,50266
6230,48084
6231,91367
6232,53562
6233,20006
6234,92505
6235,44113
6236,21030
6237,21202
6238,60173
6239,44718
6240,10004
6241,53045
6242,60061
6243,53224
6244,51101
6245,59101
6246,11530
6247,48084
6248,53122
6249,19103
6250,78746
6251,48084
6252,33487
6253,96813
6254,44333
6255,55436
6256,91367
6257,53202
6258,91367
6259,22030
6260,60148
6261,60148
6262,43155
6263,80222
6264,07727
6265,07656
6266,37203
6267,98004
6268,60123
6269,33607
6270,92101
6271,08540
6272,30309
6273,10022
6274,60050
6275,10167
6276,45209
6277,80111
6278,08054
6279,01103
6280,60173
6281,38138
6282,30326
6283,60123
6284,98901
6285,33803
6286,35406
6287,37450
6288,40222
6289,84025
6290,37203
6291,77057
6292,60611
6293,45209
6294,80921
6295,49423
6296,37129
6297,45069
6298,15220
6299,02481
6300,77056
6301,97035
6302,49686
6303,45069
6304,08801
6305,17701
6306,60606
6307,67002
6308,56001
6309,33180
6310,06107
6311,46545
6312,53018
6313,74103
6314,46307
6315,46545
6316,35901
6317,33432
6318,53202
6319,67206
6320,29201
6321,66061
6322,30601
6323,33607
6324,60061
6325,84025
6326,25801
6327,27607
6328,85018
6329,98101
6330,56007
6331,55436
6332,10022
6333,60924
6334,53092
6335,78257
6336,77381
6337,85718
6338,91367
6339,10022
6340,85255
6341,33180
6342,40202
6343,45895
6344,47715
6345,43623
6346,80222
6347,55436
6348,39157
6349,78746
6350,63141
6351,78746
6352,45209
6353,37450
6354,97201
6355,55436
6356,29201
6357,33394
6358,45209
6359,83702
6360,75240
6361,04101
6362,63005
6363,80903
6364,30339
6365,46545
6366,90071
6367,46143
6368,80301
6369,70508
6370,79101
6371,13413
6372,23901
6373,32202
6374,92008
6375,22030
6376,66211
6377,66211
6378,60015
6379,54557
6380,75034
6381,75240
6382,63017
6383,27401
6384,80903
6385,74103
6386,29201
6387,33637
6388,22030
6389,83651
6390,92612
6391,06824
6392,56001
6393,45440
6394,26101
6395,07960
6396,76102
6397,46077
6398,94596
6399,33701
6400,12110
6401,45209
6402,39157
6403,55305
6404,85016
6405,55305
6406,01801
6407,77381
6408,37450
6409,53202
6410,53045
6411,02908
6412,16046
6413,58201
6414,07960
6415,73118
6416,97201
6417,34232
6418,48084
6419,80301
6420,92101
6421,06511
6422,44718
6423,40222
6424,07052
6425,32202
6426,19406
6427,60563
6428,15146
6429,54650
6430,64108
6431,67206
6432,80222
6433,60563
6434,10004
6435,78257
6436,20191
6437,33134
6438,68601
6439,27401
6440,27401
6441,07960
6442,75240
6443,32903
6444,30339
6445,62208
6446,33134
6447,54115
6448,46143
6449,63141
6450,53122
6451,62208
6452,60606
6453,33928
6454,77381
6455,89501
6456,92101
6457,98101
6458,70005
6459,84604
6460,49740
6461,74103
6462,46256
6463,80401
6464,15220
6465,12601
6466,67206
6467,33432
6468,49423
6469,77381
6470,15219
6471,20191
6472,37604
6473,77056
6474,20191
6475,75001
6476,12601
6477,
6478,57108
6479,04101
6480,91711
6481,83843
6482,68506
6483,19087
6484,89451
6485,02908
6486,02908
6487,48084
6488,33401
6489,44113
6490,10017
6491,75240
6492,60061
6493,53224
6494,10022
6495,11747
6496,20191
6497,92612
6498,95815
6499,92101
6500,49503
6501,37604
6502,35203
6503,52401
6504,95129
6505,55402
6506,12110
6507,96813
6508,58103
6509,49503
6510,85297
6511,85016
6512,90802
6513,94065
6514,53202
6515,30601
6516,80525
6517,44718
6518,21043
6519,32547
6520,15220
6521,36602
6522,39157
6523,91367
6524,10022
6525,19103
6526,11530
6527,46307
6528,18929
6529,06880
6530,13413
6531,19103
6532,37604
6533,22911
6534,15219
6535,80443
6536,10022
6537,32801
6538,33410
6539,28277
6540,54482
6541,90405
6542,57701
6543,54115
6544,33637
6545,42303
6546,52807
6547,37203
6548,33607
6549,06107
6550,37604
6551,02903
6552,33607
6553,10167
6554,33401
6555,03104
6556,33401
6557,87113
6558,94111
6559,53022
6560,80111
6561,51249
6562,12019
6563,07751
6564,66049
6565,48084
6566,29601
6567,70508
6568,12205
6569,92660
6570,33928
6571,91740
6572,75240
6573,53562
6574,02908
6575,61108
6576,22911
6577,32801
6578,33607
6579,27607
6580,19406
6581,57108
6582,85297
6583,94111
6584,80112
6585,77381
6586,37922
6587,12110
6588,15901
6589,17601
6590,28211
6591,22101
6592,16046
6593,92037
6594,48084
6595,34232
6596,77079
6597,37450
6598,46077
6599,59101
6600,48084
6601,15146
6602,61455
6603,72703
6604,78257
6605,77079
6606,27103
6607,59715
6608,47715
6609,60148
6610,33607
6611,32960
6612,91367
6613,52142
6614,30092
6615,30339
6616,26101
6617,84111
6618,40202
6619,80401
6620,80301
6621,12205
6622,63005
6623,94111
6624,54720
6625,50701
6626,48084
6627,58701
6628,50266
6629,77079
6630,07960
6631,60173
6632,62208
6633,10167
6634,38138
6635,22102
6636,97201
6637,62208
6638,14221
6639,46802
6640,21202
6641,48161
6642,98660
6643,98660
6644,95129
6645,80222
6646,98101
6647,60077
6648,37922
6649,31904
6650,57108
6651,98402
6652,63141
6653,02108
6654,75703
6655,40507
6656,92101
6657,55305
6658,46802
6659,53211
6660,33410
6661,60148
6662,28601
6663,35203
6664,94596
6665,46304
6666,84321
6667,63005
6668,79912
6669,17402
6670,06103
6671,02108
6672,32801
6673,02184
6674,33432
6675,60606
6676,33134
6677,60607
6678,92101
6679,27607
6680,34232
6681,10167
6682,62075
6683,33928
6684,98101
6685,02908
6686,83843
6687,37922
6688,64108
6689,32801
6690,77056
6691,19406
6692,92660
6693,92660
6694,39501
6695,90071
6696,90071
6697,80202
6698,98004
6699,42071
6700,24060
6701,35244
6702,26101
6703,70508
6704,51445
6705,60173
6706,37922
6707,02908
6708,50266
6709,60523
6710,73118
6711,60606
6712,22102
6713,44113
6714,96813
6715,29601
6716,92660
6717,80222
6718,60061
6719,48084
6720,27607
6721,80222
6722,33803
6723,60523
6724,46545
6725,87113
6726,87113
6727,34232
6728,44333
6729,18929
6730,57108
6731,33401
6732,45209
6733,75482
6734,63017
6735,63017
6736,55120
6737,46256
6738,53073
6739,23233
6740,32801
6741,80903
6742,60606
6743,89411
6744,33803
6745,92660
6746,94111
6747,60915
6748,17050
6749,53188
6750,63105
6751,13057
6752,27401
6753,52241
6754,98226
6755,98226
6756,10170
6757,06824
6758,10167
6759,14534
6760,33410
6761,62034
6762,55436
6763,33401
6764,33134
6765,54115
6766,63141
6767,98402
6768,33394
6769,21030
6770,14534
6771,08540
6772,11735
6773,97201
6774,64108
6775,95661
6776,32801
6777,92612
6778,11747
6779,10167
6780,48084
6781,30339
6782,83402
6783,58103
6784,80202
6785,29201
6786,92660
6787,23233
6788,55120
6789,37203
6790,54115
6791,55402
6792,48084
6793,19406
6794,50266
6795,46802
6796,80401
6797,99216
6798,08092
6799,10606
6800,55305
6801,11747
6802,60077
6803,77056
6804,40507
6805,92660
6806,53202
6807,54115
6808,49503
6809,60614
6810,45661
6811,54601
6812,35205
6813,12601
6814,66211
6815,54115
6816,60606
6817,80921
6818,06824
6819,92101
6820,30326
6821,30326
6822,11747
6823,56601
6824,58103
6825,77056
6826,55436
6827,30326
6828,33637
6829,38138
6830,28211
6831,32502
6832,93309
6833,10022
6834,68114
6835,33607
6836,58103
6837,32308
6838,60606
6839,91367
6840,75240
6841,75240
6842,80111
6843,06107
6844,06902
6845,33637
6846,54913
6847,33487
6848,92253
6849,75225
6850,02908
6851,60061
6852,55402
6853,43623
6854,80111
6855,80111
6856,90071
6857,33394
6858,35901
6859,96813
6860,55118
6861,56301
6862,95661
6863,10167
6864,23233
6865,70508
6866,94111
6867,02108
6868,60077
6869,01103
6870,60173
6871,78257
6872,80401
6873,70508
6874,06824
6875,37129
6876,97301
6877,52241
6878,30092
6879,21030
6880,78746
6881,06854
6882,33607
6883,39501
6884,90405
6885,54913
6886,60606
6887,53081
6888,33394
6889,52001
6890,55435
6891,21701
6892,46383
6893,46383
6894,60606
6895,66049
6896,14534
6897,84770
6898,84604
6899,06511
6900,53202
6901,48084
6902,46256
6903,54913
6904,37450
6905,78746
6906,95129
6907,33131
6908,33410
6909,68601
6910,57701
6911,33487
6912,76102
6913,26501
6914,98901
6915,98901
6916,80401
6917,44333
6918,90025
6919,37450
6920,27103
6921,47715
6922,61602
6923,99163
6924,60606
6925,56001
6926,35242
6927,53562
6928,60606
6929,33180
6930,10167
6931,37203
6932,56001
6933,43512
6934,49002
6935,83843
6936,03101
6937,45209
6938,33637
6939,83843
6940,28269
6941,70471
6942,76102
6943,28803
6944,30339
6945,32202
6946,29601
6947,80301
6948,43512
6949,80301
6950,80903
6951,27607
6952,23462
6953,55435
6954,77056
6955,40507
6956,60606
6957,06089
6958,10017
6959,84604
6960,17601
6961,19103
6962,53092
6963,33401
6964,60515
6965,21043
6966,76301
6967,32801
6968,53202
6969,32801
6970,94111
6971,35203
6972,68506
6973,60018
6974,46256
6975,68114
6976,10022
6977,35901
6978,06824
6979,27103
6980,18507
6981,30339
6982,60606
6983,21202
6984,50701
6985,37203
6986,13901
6987,92660
6988,58103
6989,40222
6990,33928
6991,14221
6992,83702
6993,48108
6994,33410
6995,42101
6996,33410
6997,75039
6998,80112
6999,48084
7000,83814
7001,42101
7002,75225
7003,90025
7004,33607
7005,75034
7006,59715
7007,94111
7008,80903
7009,63141
7010,27707
7011,10022
7012,01103
7013,06511
7014,45440
7015,30339
7016,55802
7017,64108
7018,43212
7019,21401
7020,76102
7021,90025
7022,92612
7023,94598
7024,22911
7025,61301
7026,50023
7027,60606
7028,19103
7029,80302
7030,53202
7031,63141
7032,51101
7033,02108
7034,28405
7035,53546
7036,98101
7037,80112
7038,80112
7039,45209
7040,92008
7041,48084
7042,34232
7043,80525
7044,55042
7045,53092
7046,53092
7047,75240
7048,13413
7049,11747
7050,54650
7051,10167
7052,97035
7053,10167
7054,44333
7055,33913
7056,46240
7057,11747
7058,94111
7059,75240
7060,85016
7061,99216
7062,30326
7063,91740
7064,68506
7065,94065
7066,52807
7067,78746
7068,63141
7069,06103
7070,95815
7071,68164
7072,51401
7073,49417
7074,48084
7075,37203
7076,04654
7077,37067
7078,14534
7079,94111
7080,80525
7081,83402
7082,84111
7083,45209
7084,33637
7085,80903
7086,44113
7087,47715
7088,89169
7089,53018
7090,33134
7091,17601
7092,26301
7093,45440
7094,29464
7095,19103
7096,70816
7097,99216
7098,27401
7099,70508
7100,60611
7101,43212
7102,13057
7103,43623
7104,72211
7105,92101
7106,21030
7107,76710
7108,95129
7109,10017
7110,23185
7111,45069
7112,77056
7113,53092
7114,15062
7115,89169
7116,30326
7117,75240
7118,53562
7119,48858
7120,23233
7121,89169
7122,99216
7123,38655
7124,35801
7125,75013
7126,68114
7127,32605
7128,60515
7129,33607
7130,32605
7131,29601
7132,32801
7133,92037
7134,49770
7135,35242
7136,06103
7137,10167
7138,06107
7139,22911
7140,06103
7141,12110
7142,92505
7143,78746
7144,60611
7145,75039
7146,59901
7147,35244
7148,33767
7149,68114
7150,55987
7151,30326
7152,94596
7153,53022
7154,48084
7155,50266
7156,56301
7157,06103
7158,90071
7159,53202
7160,53081
7161,77056
7162,35203
7163,35901
7164,33701
7165,13601
7166,25302
7167,80112
7168,75225
7169,83702
7170,83702
7171,12110
7172,46204
7173,31210
7174,07656
7175,30326
7176,37918
7177,07701
7178,91436
7179,53130
7180,33432
7181,28211
7182,28211
7183,60563
7184,46077
7185,44333
7186,32082
7187,70816
7188,29601
7189,60606
7190,10004
7191,77056
7192,14226
7193,30326
7194,33394
7195,14534
7196,45209
7197,53018
7198,20006
7199,60515
7200,01801
7201,26501
7202,27607
7203,23233
7204,83702
7205,35242
7206,11747
7207,64108
7208,35244
7209,60606
7210,94111
7211,28269
7212,53202
7213,35244
7214,33410
7215,92660
7216,92660
7217,45661
7218,14850
7219,45661
7220,75013
7221,97035
7222,53018
7223,28269
7224,77845
7225,60606
7226,78746
7227,55120
7228,25504
7229,92101
7230,60606
7231,49002
7232,36602
7233,44718
7234,74103
7235,90025
7236,60611
7237,08801
7238,45069
7239,64108
7240,77056
7241,44333
7242,83702
7243,50266
7244,33432
7245,45069
7246,46256
7247,30309
7248,63141
7249,70508
7250,30339
7251,30339
7252,30606
7253,83702
7254,56501
7255,80470
7256,31210
7257,16801
7258,72405
7259,85260
7260,18929
7261,53562
7262,75225
7263,59801
7264,37203
7265,55402
7266,53045
7267,98402
7268,46307
7269,64064
7270,42001
7271,46250
7272,37203
7273,56701
7274,28211
7275,30005
7276,66211
7277,94596
7278,92008
7279,27401
7280,68506
7281,54915
7282,54115
7283,50701
7284,40202
7285,18966
7286,55120
7287,79101
7288,37203
7289,75001
7290,53546
7291,95240
7292,48084
7293,90071
7294,19103
7295,77479
7296,10167
7297,14221
7298,37067
7299,94111
7300,10022
7301,06902
7302,60606
7303,39501
7304,84111
7305,45209
7306,80401
7307,35203
7308,28211
7309,29464
7310,38120
7311,23462
7312,16046
7313,92101
7314,45209
7315,06880
7316,17402
7317,27607
7318,77381
7319,29201
7320,29601
7321,33764
7322,96813
7323,28031
7324,10022
7325,28211
7326,94596
7327,45209
7328,60061
7329,92101
7330,77845
7331,68025
7332,27707
7333,53202
7334,35226
7335,61820
7336,65807
7337,92101
7338,48817
7339,60563
7340,42001
7341,53217
7342,53022
7343,06880
7344,75240
7345,75240
7346,46970
7347,47933
7348,33764
7349,18929
7350,25801
7351,10004
7352,53202
7353,60606
7354,14701
7355,65807
7356,60606
7357,40222
7358,40222
7359,72703
7360,92505
7361,53122
7362,75225
7363,66061
7364,76102
7365,10022
7366,15219
7367,46307
7368,61820
7369,94111
7370,55435
7371,13601
7372,06762
7373,99216
7374,10167
7375,80525
7376,49002
7377,61602
7378,21043
7379,96813
7380,46077
7381,29306
7382,40222
7383,55436
7384,30309
7385,10167
7386,29601
7387,30309
7388,48604
7389,01301
7390,54913
7391,94596
7392,08053
7393,08053
7394,12603
7395,33160
7396,60123
7397,07727
7398,07701
7399,63017
7400,33701
7401,92101
7402,44113
7403,33394
7404,10167
7405,12110
7406,29150
7407,20852
7408,57201
7409,50266
7410,57108
7411,20006
7412,03101
7413,90071
7414,54115
7415,92660
7416,38138
7417,21030
7418,91367
7419,63017
7420,46375
7421,08801
7422,80222
7423,53092
7424,80222
7425,95404
7426,85016
7427,06824
7428,08801
7429,15219
7430,48084
7431,04101
7432,06107
7433,91367
7434,98101
7435,33401
7436,46143
7437,94111
7438,80301
7439,13413
7440,83501
7441,23462
7442,15456
7443,21030
7444,10606
7445,32308
7446,44113
7447,48084
7448,14534
7449,63105
7450,06107
7451,33131
